entity_id,state,last_changed
input_number.omvormer_zolder_reductie,9.0,2026-04-08T10:55:00.000Z
input_number.omvormer_zolder_reductie,12.0,2026-04-08T10:55:00.455Z
input_number.omvormer_zolder_reductie,13.0,2026-04-08T10:55:10.454Z
input_number.omvormer_zolder_reductie,21.0,2026-04-08T10:55:20.457Z
input_number.omvormer_zolder_reductie,11.0,2026-04-08T10:55:30.479Z
input_number.omvormer_zolder_reductie,12.0,2026-04-08T10:55:40.458Z
input_number.omvormer_zolder_reductie,11.0,2026-04-08T10:55:50.455Z
input_number.omvormer_zolder_reductie,12.0,2026-04-08T10:56:00.470Z
input_number.omvormer_zolder_reductie,11.0,2026-04-08T10:56:10.454Z
input_number.omvormer_zolder_reductie,12.0,2026-04-08T10:56:20.454Z
input_number.omvormer_zolder_reductie,21.0,2026-04-08T10:56:40.465Z
input_number.omvormer_zolder_reductie,11.0,2026-04-08T10:56:50.467Z
input_number.omvormer_zolder_reductie,12.0,2026-04-08T10:57:00.466Z
input_number.omvormer_zolder_reductie,15.0,2026-04-08T10:57:40.454Z
input_number.omvormer_zolder_reductie,3.0,2026-04-08T10:57:50.454Z
input_number.omvormer_zolder_reductie,13.0,2026-04-08T10:58:00.454Z
input_number.omvormer_zolder_reductie,6.0,2026-04-08T10:58:10.464Z
input_number.omvormer_zolder_reductie,8.0,2026-04-08T10:58:20.454Z
input_number.omvormer_zolder_reductie,4.0,2026-04-08T10:58:30.454Z
input_number.omvormer_zolder_reductie,5.0,2026-04-08T10:58:40.472Z
input_number.omvormer_zolder_reductie,4.0,2026-04-08T10:58:50.466Z
input_number.omvormer_zolder_reductie,3.0,2026-04-08T10:59:00.454Z
input_number.omvormer_zolder_reductie,12.0,2026-04-08T10:59:10.459Z
input_number.omvormer_zolder_reductie,4.0,2026-04-08T10:59:20.455Z
input_number.omvormer_zolder_reductie,2.0,2026-04-08T10:59:40.464Z
input_number.omvormer_zolder_reductie,3.0,2026-04-08T10:59:50.464Z
input_number.omvormer_zolder_reductie,0.0,2026-04-08T11:00:30.098Z
input_number.omvormer_zolder_reductie,28.0,2026-04-08T11:01:00.093Z
input_number.omvormer_zolder_reductie,37.0,2026-04-08T11:01:30.090Z
input_number.omvormer_zolder_reductie,34.0,2026-04-08T11:02:00.090Z
input_number.omvormer_zolder_reductie,33.0,2026-04-08T11:02:30.088Z
input_number.omvormer_zolder_reductie,34.0,2026-04-08T11:03:30.092Z
input_number.omvormer_zolder_reductie,37.0,2026-04-08T11:04:00.089Z
input_number.omvormer_zolder_reductie,36.0,2026-04-08T11:04:30.089Z
input_number.omvormer_zolder_reductie,31.0,2026-04-08T11:05:30.092Z
input_number.omvormer_zolder_reductie,30.0,2026-04-08T11:07:30.091Z
input_number.omvormer_zolder_reductie,32.0,2026-04-08T11:08:00.090Z
input_number.omvormer_zolder_reductie,30.0,2026-04-08T11:09:00.090Z
input_number.omvormer_zolder_reductie,29.0,2026-04-08T11:09:30.091Z
input_number.omvormer_zolder_reductie,32.0,2026-04-08T11:10:00.090Z
input_number.omvormer_zolder_reductie,30.0,2026-04-08T11:11:00.098Z
input_number.omvormer_zolder_reductie,32.0,2026-04-08T11:13:30.090Z
input_number.omvormer_zolder_reductie,34.0,2026-04-08T11:14:00.089Z
input_number.omvormer_zolder_reductie,29.0,2026-04-08T11:15:30.090Z
input_number.omvormer_zolder_reductie,31.0,2026-04-08T11:16:00.094Z
input_number.omvormer_zolder_reductie,32.0,2026-04-08T11:17:00.092Z
input_number.omvormer_zolder_reductie,31.0,2026-04-08T11:17:30.374Z
input_number.omvormer_zolder_reductie,33.0,2026-04-08T11:18:00.091Z
input_number.omvormer_zolder_reductie,31.0,2026-04-08T11:18:30.097Z
input_number.omvormer_zolder_reductie,33.0,2026-04-08T11:19:00.089Z
input_number.omvormer_zolder_reductie,31.0,2026-04-08T11:19:30.091Z
input_number.omvormer_zolder_reductie,34.0,2026-04-08T11:20:30.088Z
input_number.omvormer_zolder_reductie,33.0,2026-04-08T11:21:00.089Z
input_number.omvormer_zolder_reductie,31.0,2026-04-08T11:21:30.088Z
input_number.omvormer_zolder_reductie,32.0,2026-04-08T11:23:30.101Z
input_number.omvormer_zolder_reductie,33.0,2026-04-08T11:24:00.089Z
input_number.omvormer_zolder_reductie,35.0,2026-04-08T11:24:30.102Z
input_number.omvormer_zolder_reductie,36.0,2026-04-08T11:25:30.089Z
input_number.omvormer_zolder_reductie,31.0,2026-04-08T11:26:00.093Z
input_number.omvormer_zolder_reductie,32.0,2026-04-08T11:30:00.090Z
input_number.omvormer_zolder_reductie,30.0,2026-04-08T11:30:30.097Z
input_number.omvormer_zolder_reductie,29.0,2026-04-08T11:31:00.090Z
input_number.omvormer_zolder_reductie,30.0,2026-04-08T11:32:30.099Z
input_number.omvormer_zolder_reductie,31.0,2026-04-08T11:35:00.089Z
input_number.omvormer_zolder_reductie,32.0,2026-04-08T11:35:30.104Z
input_number.omvormer_zolder_reductie,33.0,2026-04-08T11:37:00.101Z
input_number.omvormer_zolder_reductie,35.0,2026-04-08T11:39:30.104Z
input_number.omvormer_zolder_reductie,38.0,2026-04-08T11:40:00.092Z
input_number.omvormer_zolder_reductie,31.0,2026-04-08T11:44:00.093Z
input_number.omvormer_zolder_reductie,30.0,2026-04-08T11:44:30.088Z
input_number.omvormer_zolder_reductie,31.0,2026-04-08T11:55:30.106Z
input_number.omvormer_zolder_reductie,21.0,2026-04-08T12:00:30.106Z
input_number.omvormer_zolder_reductie,20.0,2026-04-08T12:01:00.089Z
input_number.omvormer_zolder_reductie,19.0,2026-04-08T12:01:30.108Z
input_number.omvormer_zolder_reductie,66.0,2026-04-08T12:05:00.099Z
input_number.omvormer_zolder_reductie,27.0,2026-04-08T12:07:30.097Z
input_number.omvormer_zolder_reductie,17.0,2026-04-08T12:08:00.093Z
input_number.omvormer_zolder_reductie,18.0,2026-04-08T12:10:30.098Z
input_number.omvormer_zolder_reductie,20.0,2026-04-08T12:25:00.108Z
input_number.omvormer_zolder_reductie,15.0,2026-04-08T12:39:30.090Z
input_number.omvormer_zolder_reductie,64.0,2026-04-08T12:54:30.097Z
input_number.omvormer_zolder_reductie,59.0,2026-04-08T12:55:30.091Z
input_number.omvormer_zolder_reductie,6.0,2026-04-08T12:56:00.093Z
input_number.omvormer_zolder_reductie,0.0,2026-04-08T12:56:30.091Z
input_number.omvormer_zolder_reductie,5.0,2026-04-08T12:57:00.089Z
input_number.omvormer_zolder_reductie,4.0,2026-04-08T13:00:00.283Z
input_number.omvormer_zolder_reductie,6.0,2026-04-08T13:00:10.276Z
input_number.omvormer_zolder_reductie,33.0,2026-04-08T13:00:20.280Z
input_number.omvormer_zolder_reductie,25.0,2026-04-08T13:00:30.277Z
input_number.omvormer_zolder_reductie,19.0,2026-04-08T13:00:40.276Z
input_number.omvormer_zolder_reductie,9.0,2026-04-08T13:00:50.294Z
input_number.omvormer_zolder_reductie,5.0,2026-04-08T13:01:00.282Z
input_number.omvormer_zolder_reductie,9.0,2026-04-08T13:01:10.275Z
input_number.omvormer_zolder_reductie,6.0,2026-04-08T13:01:30.277Z
input_number.omvormer_zolder_reductie,5.0,2026-04-08T13:01:40.278Z
input_number.omvormer_zolder_reductie,6.0,2026-04-08T13:02:00.292Z
input_number.omvormer_zolder_reductie,12.0,2026-04-08T13:02:20.277Z
input_number.omvormer_zolder_reductie,0.0,2026-04-08T13:02:30.283Z
input_number.omvormer_zolder_reductie,2.0,2026-04-08T13:03:40.284Z
input_number.omvormer_zolder_reductie,4.0,2026-04-08T13:03:50.277Z
input_number.omvormer_zolder_reductie,6.0,2026-04-08T13:04:00.276Z
input_number.omvormer_zolder_reductie,5.0,2026-04-08T13:04:20.276Z
input_number.omvormer_zolder_reductie,7.0,2026-04-08T13:04:40.275Z
input_number.omvormer_zuid_reductie,9.0,2026-04-08T10:55:00.000Z
input_number.omvormer_zuid_reductie,12.0,2026-04-08T10:55:00.456Z
input_number.omvormer_zuid_reductie,13.0,2026-04-08T10:55:10.455Z
input_number.omvormer_zuid_reductie,21.0,2026-04-08T10:55:20.461Z
input_number.omvormer_zuid_reductie,11.0,2026-04-08T10:55:30.481Z
input_number.omvormer_zuid_reductie,12.0,2026-04-08T10:55:40.460Z
input_number.omvormer_zuid_reductie,11.0,2026-04-08T10:55:50.458Z
input_number.omvormer_zuid_reductie,12.0,2026-04-08T10:56:00.471Z
input_number.omvormer_zuid_reductie,11.0,2026-04-08T10:56:10.455Z
input_number.omvormer_zuid_reductie,12.0,2026-04-08T10:56:20.455Z
input_number.omvormer_zuid_reductie,21.0,2026-04-08T10:56:40.471Z
input_number.omvormer_zuid_reductie,11.0,2026-04-08T10:56:50.471Z
input_number.omvormer_zuid_reductie,12.0,2026-04-08T10:57:00.470Z
input_number.omvormer_zuid_reductie,13.0,2026-04-08T10:57:10.455Z
input_number.omvormer_zuid_reductie,16.0,2026-04-08T10:57:40.455Z
input_number.omvormer_zuid_reductie,3.0,2026-04-08T10:57:50.456Z
input_number.omvormer_zuid_reductie,13.0,2026-04-08T10:58:00.455Z
input_number.omvormer_zuid_reductie,6.0,2026-04-08T10:58:10.470Z
input_number.omvormer_zuid_reductie,8.0,2026-04-08T10:58:20.455Z
input_number.omvormer_zuid_reductie,4.0,2026-04-08T10:58:30.455Z
input_number.omvormer_zuid_reductie,5.0,2026-04-08T10:58:40.478Z
input_number.omvormer_zuid_reductie,4.0,2026-04-08T10:58:50.473Z
input_number.omvormer_zuid_reductie,3.0,2026-04-08T10:59:00.456Z
input_number.omvormer_zuid_reductie,12.0,2026-04-08T10:59:10.460Z
input_number.omvormer_zuid_reductie,4.0,2026-04-08T10:59:20.456Z
input_number.omvormer_zuid_reductie,2.0,2026-04-08T10:59:40.469Z
input_number.omvormer_zuid_reductie,3.0,2026-04-08T10:59:50.470Z
input_number.omvormer_zuid_reductie,1.0,2026-04-08T11:00:30.099Z
input_number.omvormer_zuid_reductie,29.0,2026-04-08T11:01:00.096Z
input_number.omvormer_zuid_reductie,27.0,2026-04-08T11:02:00.091Z
input_number.omvormer_zuid_reductie,26.0,2026-04-08T11:02:30.089Z
input_number.omvormer_zuid_reductie,28.0,2026-04-08T11:03:00.091Z
input_number.omvormer_zuid_reductie,29.0,2026-04-08T11:03:30.093Z
input_number.omvormer_zuid_reductie,28.0,2026-04-08T11:05:00.089Z
input_number.omvormer_zuid_reductie,24.0,2026-04-08T11:05:30.094Z
input_number.omvormer_zuid_reductie,25.0,2026-04-08T11:06:00.095Z
input_number.omvormer_zuid_reductie,28.0,2026-04-08T11:06:30.092Z
input_number.omvormer_zuid_reductie,29.0,2026-04-08T11:07:00.094Z
input_number.omvormer_zuid_reductie,31.0,2026-04-08T11:08:00.091Z
input_number.omvormer_zuid_reductie,29.0,2026-04-08T11:09:00.091Z
input_number.omvormer_zuid_reductie,28.0,2026-04-08T11:09:30.094Z
input_number.omvormer_zuid_reductie,31.0,2026-04-08T11:10:00.091Z
input_number.omvormer_zuid_reductie,33.0,2026-04-08T11:10:30.166Z
input_number.omvormer_zuid_reductie,31.0,2026-04-08T11:11:00.101Z
input_number.omvormer_zuid_reductie,29.0,2026-04-08T11:11:30.095Z
input_number.omvormer_zuid_reductie,27.0,2026-04-08T11:12:00.315Z
input_number.omvormer_zuid_reductie,30.0,2026-04-08T11:12:30.093Z
input_number.omvormer_zuid_reductie,32.0,2026-04-08T11:13:30.092Z
input_number.omvormer_zuid_reductie,34.0,2026-04-08T11:14:00.090Z
input_number.omvormer_zuid_reductie,35.0,2026-04-08T11:15:00.096Z
input_number.omvormer_zuid_reductie,30.0,2026-04-08T11:15:30.092Z
input_number.omvormer_zuid_reductie,32.0,2026-04-08T11:16:00.098Z
input_number.omvormer_zuid_reductie,33.0,2026-04-08T11:17:00.094Z
input_number.omvormer_zuid_reductie,32.0,2026-04-08T11:17:30.375Z
input_number.omvormer_zuid_reductie,33.0,2026-04-08T11:18:00.095Z
input_number.omvormer_zuid_reductie,31.0,2026-04-08T11:18:30.100Z
input_number.omvormer_zuid_reductie,33.0,2026-04-08T11:19:00.090Z
input_number.omvormer_zuid_reductie,31.0,2026-04-08T11:19:30.093Z
input_number.omvormer_zuid_reductie,34.0,2026-04-08T11:20:30.089Z
input_number.omvormer_zuid_reductie,33.0,2026-04-08T11:21:00.090Z
input_number.omvormer_zuid_reductie,31.0,2026-04-08T11:21:30.089Z
input_number.omvormer_zuid_reductie,33.0,2026-04-08T11:23:00.090Z
input_number.omvormer_zuid_reductie,34.0,2026-04-08T11:23:30.104Z
input_number.omvormer_zuid_reductie,35.0,2026-04-08T11:24:00.090Z
input_number.omvormer_zuid_reductie,37.0,2026-04-08T11:24:30.107Z
input_number.omvormer_zuid_reductie,40.0,2026-04-08T11:25:00.092Z
input_number.omvormer_zuid_reductie,41.0,2026-04-08T11:25:30.090Z
input_number.omvormer_zuid_reductie,35.0,2026-04-08T11:26:00.094Z
input_number.omvormer_zuid_reductie,36.0,2026-04-08T11:27:30.093Z
input_number.omvormer_zuid_reductie,38.0,2026-04-08T11:28:00.089Z
input_number.omvormer_zuid_reductie,40.0,2026-04-08T11:28:30.100Z
input_number.omvormer_zuid_reductie,39.0,2026-04-08T11:29:00.089Z
input_number.omvormer_zuid_reductie,40.0,2026-04-08T11:30:00.092Z
input_number.omvormer_zuid_reductie,37.0,2026-04-08T11:30:30.103Z
input_number.omvormer_zuid_reductie,36.0,2026-04-08T11:31:00.093Z
input_number.omvormer_zuid_reductie,37.0,2026-04-08T11:32:30.103Z
input_number.omvormer_zuid_reductie,34.0,2026-04-08T11:33:00.092Z
input_number.omvormer_zuid_reductie,36.0,2026-04-08T11:34:00.090Z
input_number.omvormer_zuid_reductie,37.0,2026-04-08T11:35:30.109Z
input_number.omvormer_zuid_reductie,40.0,2026-04-08T11:36:00.095Z
input_number.omvormer_zuid_reductie,41.0,2026-04-08T11:37:00.104Z
input_number.omvormer_zuid_reductie,42.0,2026-04-08T11:38:00.090Z
input_number.omvormer_zuid_reductie,41.0,2026-04-08T11:39:00.091Z
input_number.omvormer_zuid_reductie,43.0,2026-04-08T11:39:30.109Z
input_number.omvormer_zuid_reductie,45.0,2026-04-08T11:40:00.094Z
input_number.omvormer_zuid_reductie,42.0,2026-04-08T11:40:30.104Z
input_number.omvormer_zuid_reductie,39.0,2026-04-08T11:41:00.108Z
input_number.omvormer_zuid_reductie,37.0,2026-04-08T11:43:30.092Z
input_number.omvormer_zuid_reductie,30.0,2026-04-08T11:44:00.095Z
input_number.omvormer_zuid_reductie,29.0,2026-04-08T11:44:30.089Z
input_number.omvormer_zuid_reductie,27.0,2026-04-08T11:46:30.103Z
input_number.omvormer_zuid_reductie,24.0,2026-04-08T11:47:00.094Z
input_number.omvormer_zuid_reductie,23.0,2026-04-08T11:52:30.112Z
input_number.omvormer_zuid_reductie,24.0,2026-04-08T11:55:30.111Z
input_number.omvormer_zuid_reductie,26.0,2026-04-08T11:56:30.114Z
input_number.omvormer_zuid_reductie,18.0,2026-04-08T12:00:30.111Z
input_number.omvormer_zuid_reductie,17.0,2026-04-08T12:01:00.090Z
input_number.omvormer_zuid_reductie,16.0,2026-04-08T12:01:30.123Z
input_number.omvormer_zuid_reductie,65.0,2026-04-08T12:05:00.101Z
input_number.omvormer_zuid_reductie,100.0,2026-04-08T12:05:30.107Z
input_number.omvormer_zuid_reductie,40.0,2026-04-08T12:07:30.100Z
input_number.omvormer_zuid_reductie,25.0,2026-04-08T12:08:00.094Z
input_number.omvormer_zuid_reductie,24.0,2026-04-08T12:08:30.095Z
input_number.omvormer_zuid_reductie,22.0,2026-04-08T12:09:00.090Z
input_number.omvormer_zuid_reductie,23.0,2026-04-08T12:12:00.100Z
input_number.omvormer_zuid_reductie,24.0,2026-04-08T12:13:30.093Z
input_number.omvormer_zuid_reductie,25.0,2026-04-08T12:19:00.090Z
input_number.omvormer_zuid_reductie,23.0,2026-04-08T12:19:30.109Z
input_number.omvormer_zuid_reductie,24.0,2026-04-08T12:26:00.103Z
input_number.omvormer_zuid_reductie,23.0,2026-04-08T12:27:30.109Z
input_number.omvormer_zuid_reductie,22.0,2026-04-08T12:29:00.090Z
input_number.omvormer_zuid_reductie,19.0,2026-04-08T12:30:00.093Z
input_number.omvormer_zuid_reductie,18.0,2026-04-08T12:30:30.095Z
input_number.omvormer_zuid_reductie,17.0,2026-04-08T12:31:00.095Z
input_number.omvormer_zuid_reductie,16.0,2026-04-08T12:32:00.099Z
input_number.omvormer_zuid_reductie,17.0,2026-04-08T12:33:30.099Z
input_number.omvormer_zuid_reductie,16.0,2026-04-08T12:34:00.091Z
input_number.omvormer_zuid_reductie,12.0,2026-04-08T12:39:30.093Z
input_number.omvormer_zuid_reductie,9.0,2026-04-08T12:40:30.102Z
input_number.omvormer_zuid_reductie,11.0,2026-04-08T12:51:00.090Z
input_number.omvormer_zuid_reductie,10.0,2026-04-08T12:51:30.089Z
input_number.omvormer_zuid_reductie,62.0,2026-04-08T12:54:30.099Z
input_number.omvormer_zuid_reductie,100.0,2026-04-08T12:55:00.093Z
input_number.omvormer_zuid_reductie,91.0,2026-04-08T12:55:30.095Z
input_number.omvormer_zuid_reductie,10.0,2026-04-08T12:56:00.095Z
input_number.omvormer_zuid_reductie,0.0,2026-04-08T12:56:30.095Z
input_number.omvormer_zuid_reductie,5.0,2026-04-08T12:57:00.090Z
input_number.omvormer_zuid_reductie,8.0,2026-04-08T12:57:30.097Z
input_number.omvormer_zuid_reductie,7.0,2026-04-08T13:00:00.285Z
input_number.omvormer_zuid_reductie,8.0,2026-04-08T13:00:10.278Z
input_number.omvormer_zuid_reductie,34.0,2026-04-08T13:00:20.283Z
input_number.omvormer_zuid_reductie,26.0,2026-04-08T13:00:30.281Z
input_number.omvormer_zuid_reductie,19.0,2026-04-08T13:00:40.277Z
input_number.omvormer_zuid_reductie,9.0,2026-04-08T13:00:50.297Z
input_number.omvormer_zuid_reductie,5.0,2026-04-08T13:01:00.284Z
input_number.omvormer_zuid_reductie,9.0,2026-04-08T13:01:10.276Z
input_number.omvormer_zuid_reductie,6.0,2026-04-08T13:01:30.278Z
input_number.omvormer_zuid_reductie,5.0,2026-04-08T13:01:40.280Z
input_number.omvormer_zuid_reductie,4.0,2026-04-08T13:01:50.280Z
input_number.omvormer_zuid_reductie,5.0,2026-04-08T13:02:00.296Z
input_number.omvormer_zuid_reductie,11.0,2026-04-08T13:02:20.279Z
input_number.omvormer_zuid_reductie,0.0,2026-04-08T13:02:30.290Z
input_number.omvormer_zuid_reductie,2.0,2026-04-08T13:03:40.286Z
input_number.omvormer_zuid_reductie,4.0,2026-04-08T13:03:50.280Z
input_number.omvormer_zuid_reductie,6.0,2026-04-08T13:04:00.277Z
input_number.omvormer_zuid_reductie,5.0,2026-04-08T13:04:20.276Z
input_number.omvormer_zuid_reductie,3.0,2026-04-08T13:04:30.276Z
input_number.omvormer_zuid_reductie,5.0,2026-04-08T13:04:40.276Z
input_number.omvormer_zuid_reductie,4.0,2026-04-08T13:04:50.278Z
sensor.ral1ch8035_grid_power,2045.40002441406,2026-04-08T10:55:00.000Z
sensor.ral1ch8035_grid_power,2058.60009765625,2026-04-08T10:55:05.421Z
sensor.ral1ch8035_grid_power,2097.10009765625,2026-04-08T10:55:15.413Z
sensor.ral1ch8035_grid_power,2120.80004882812,2026-04-08T10:55:25.413Z
sensor.ral1ch8035_grid_power,2145.40014648438,2026-04-08T10:55:35.411Z
sensor.ral1ch8035_grid_power,2134.80004882812,2026-04-08T10:55:45.430Z
sensor.ral1ch8035_grid_power,2092.5,2026-04-08T10:55:55.429Z
sensor.ral1ch8035_grid_power,2076.10009765625,2026-04-08T10:56:05.431Z
sensor.ral1ch8035_grid_power,2071.40014648438,2026-04-08T10:56:15.415Z
sensor.ral1ch8035_grid_power,2051.80004882812,2026-04-08T10:56:35.432Z
sensor.ral1ch8035_grid_power,2087.5,2026-04-08T10:56:45.423Z
sensor.ral1ch8035_grid_power,2103.40014648438,2026-04-08T10:56:55.428Z
sensor.ral1ch8035_grid_power,2120.90014648438,2026-04-08T10:57:05.454Z
sensor.ral1ch8035_grid_power,2111.80004882812,2026-04-08T10:57:15.451Z
sensor.ral1ch8035_grid_power,2112.10009765625,2026-04-08T10:57:25.424Z
sensor.ral1ch8035_grid_power,2126.80004882812,2026-04-08T10:57:35.430Z
sensor.ral1ch8035_grid_power,2126.90014648438,2026-04-08T10:57:45.437Z
sensor.ral1ch8035_grid_power,2146.5,2026-04-08T10:57:55.435Z
sensor.ral1ch8035_grid_power,2146.30004882812,2026-04-08T10:58:05.430Z
sensor.ral1ch8035_grid_power,2148.80004882812,2026-04-08T10:58:15.459Z
sensor.ral1ch8035_grid_power,2132.5,2026-04-08T10:58:25.442Z
sensor.ral1ch8035_grid_power,2130.40014648438,2026-04-08T10:58:35.441Z
sensor.ral1ch8035_grid_power,2136.0,2026-04-08T10:58:45.462Z
sensor.ral1ch8035_grid_power,2134.10009765625,2026-04-08T10:58:55.444Z
sensor.ral1ch8035_grid_power,2150.69995117188,2026-04-08T10:59:05.459Z
sensor.ral1ch8035_grid_power,2149.80004882812,2026-04-08T10:59:15.430Z
sensor.ral1ch8035_grid_power,2154.5,2026-04-08T10:59:25.450Z
sensor.ral1ch8035_grid_power,2152.80004882812,2026-04-08T10:59:35.442Z
sensor.ral1ch8035_grid_power,2142.69995117188,2026-04-08T10:59:45.441Z
sensor.ral1ch8035_grid_power,2130.60009765625,2026-04-08T10:59:55.454Z
sensor.ral1ch8035_grid_power,2125.80004882812,2026-04-08T11:00:05.439Z
sensor.ral1ch8035_grid_power,2135.5,2026-04-08T11:00:15.460Z
sensor.ral1ch8035_grid_power,2130.0,2026-04-08T11:00:25.461Z
sensor.ral1ch8035_grid_power,1903.40002441406,2026-04-08T11:00:35.456Z
sensor.ral1ch8035_grid_power,338.600006103516,2026-04-08T11:00:45.453Z
sensor.ral1ch8035_grid_power,3.0,2026-04-08T11:00:55.458Z
sensor.ral1ch8035_grid_power,888.0,2026-04-08T11:01:05.463Z
sensor.ral1ch8035_grid_power,1071.09997558594,2026-04-08T11:01:15.446Z
sensor.ral1ch8035_grid_power,996.900024414062,2026-04-08T11:01:25.447Z
sensor.ral1ch8035_grid_power,1033.20007324219,2026-04-08T11:01:35.476Z
sensor.ral1ch8035_grid_power,1332.80004882812,2026-04-08T11:01:45.458Z
sensor.ral1ch8035_grid_power,1333.80004882812,2026-04-08T11:01:55.473Z
sensor.ral1ch8035_grid_power,1232.80004882812,2026-04-08T11:02:05.468Z
sensor.ral1ch8035_grid_power,1229.0,2026-04-08T11:02:15.468Z
sensor.ral1ch8035_grid_power,1230.5,2026-04-08T11:02:25.475Z
sensor.ral1ch8035_grid_power,1193.20007324219,2026-04-08T11:02:35.501Z
sensor.ral1ch8035_grid_power,1197.40002441406,2026-04-08T11:02:45.481Z
sensor.ral1ch8035_grid_power,1197.80004882812,2026-04-08T11:02:55.474Z
sensor.ral1ch8035_grid_power,1193.09997558594,2026-04-08T11:03:05.469Z
sensor.ral1ch8035_grid_power,1195.70007324219,2026-04-08T11:03:15.508Z
sensor.ral1ch8035_grid_power,1195.5,2026-04-08T11:03:25.471Z
sensor.ral1ch8035_grid_power,1222.90002441406,2026-04-08T11:03:35.473Z
sensor.ral1ch8035_grid_power,1224.90002441406,2026-04-08T11:03:45.477Z
sensor.ral1ch8035_grid_power,1225.0,2026-04-08T11:03:55.493Z
sensor.ral1ch8035_grid_power,1343.40002441406,2026-04-08T11:04:05.470Z
sensor.ral1ch8035_grid_power,1347.5,2026-04-08T11:04:15.486Z
sensor.ral1ch8035_grid_power,1309.20007324219,2026-04-08T11:04:35.504Z
sensor.ral1ch8035_grid_power,1311.40002441406,2026-04-08T11:04:45.486Z
sensor.ral1ch8035_grid_power,1312.40002441406,2026-04-08T11:04:55.484Z
sensor.ral1ch8035_grid_power,1309.09997558594,2026-04-08T11:05:05.473Z
sensor.ral1ch8035_grid_power,1311.40002441406,2026-04-08T11:05:15.473Z
sensor.ral1ch8035_grid_power,1306.90002441406,2026-04-08T11:05:25.499Z
sensor.ral1ch8035_grid_power,1109.90002441406,2026-04-08T11:05:35.519Z
sensor.ral1ch8035_grid_power,1114.09997558594,2026-04-08T11:05:45.507Z
sensor.ral1ch8035_grid_power,1107.0,2026-04-08T11:05:55.495Z
sensor.ral1ch8035_grid_power,1104.59997558594,2026-04-08T11:06:05.518Z
sensor.ral1ch8035_grid_power,1105.30004882812,2026-04-08T11:06:25.501Z
sensor.ral1ch8035_grid_power,1112.20007324219,2026-04-08T11:06:35.517Z
sensor.ral1ch8035_grid_power,1112.59997558594,2026-04-08T11:06:45.497Z
sensor.ral1ch8035_grid_power,1114.80004882812,2026-04-08T11:06:55.495Z
sensor.ral1ch8035_grid_power,1113.40002441406,2026-04-08T11:07:05.486Z
sensor.ral1ch8035_grid_power,1116.5,2026-04-08T11:07:15.521Z
sensor.ral1ch8035_grid_power,1118.70007324219,2026-04-08T11:07:25.507Z
sensor.ral1ch8035_grid_power,1082.0,2026-04-08T11:07:35.518Z
sensor.ral1ch8035_grid_power,1081.59997558594,2026-04-08T11:07:45.535Z
sensor.ral1ch8035_grid_power,1079.30004882812,2026-04-08T11:07:55.525Z
sensor.ral1ch8035_grid_power,1155.70007324219,2026-04-08T11:08:05.504Z
sensor.ral1ch8035_grid_power,1159.30004882812,2026-04-08T11:08:15.494Z
sensor.ral1ch8035_grid_power,1158.90002441406,2026-04-08T11:08:25.492Z
sensor.ral1ch8035_grid_power,1159.90002441406,2026-04-08T11:08:35.524Z
sensor.ral1ch8035_grid_power,1161.30004882812,2026-04-08T11:08:55.510Z
sensor.ral1ch8035_grid_power,1086.40002441406,2026-04-08T11:09:05.531Z
sensor.ral1ch8035_grid_power,1090.59997558594,2026-04-08T11:09:15.489Z
sensor.ral1ch8035_grid_power,1092.80004882812,2026-04-08T11:09:25.530Z
sensor.ral1ch8035_grid_power,1053.20007324219,2026-04-08T11:09:35.505Z
sensor.ral1ch8035_grid_power,1056.70007324219,2026-04-08T11:09:45.497Z
sensor.ral1ch8035_grid_power,1058.90002441406,2026-04-08T11:09:55.519Z
sensor.ral1ch8035_grid_power,1169.59997558594,2026-04-08T11:10:05.518Z
sensor.ral1ch8035_grid_power,1165.90002441406,2026-04-08T11:10:15.520Z
sensor.ral1ch8035_grid_power,1159.59997558594,2026-04-08T11:10:25.498Z
sensor.ral1ch8035_grid_power,1159.30004882812,2026-04-08T11:10:35.576Z
sensor.ral1ch8035_grid_power,1162.20007324219,2026-04-08T11:10:45.542Z
sensor.ral1ch8035_grid_power,1161.59997558594,2026-04-08T11:10:55.530Z
sensor.ral1ch8035_grid_power,1088.59997558594,2026-04-08T11:11:05.530Z
sensor.ral1ch8035_grid_power,1085.0,2026-04-08T11:11:15.544Z
sensor.ral1ch8035_grid_power,1088.30004882812,2026-04-08T11:11:25.527Z
sensor.ral1ch8035_grid_power,1087.20007324219,2026-04-08T11:11:35.540Z
sensor.ral1ch8035_grid_power,1087.09997558594,2026-04-08T11:11:45.822Z
sensor.ral1ch8035_grid_power,1086.59997558594,2026-04-08T11:12:05.523Z
sensor.ral1ch8035_grid_power,1087.5,2026-04-08T11:12:25.524Z
sensor.ral1ch8035_grid_power,1086.20007324219,2026-04-08T11:12:35.545Z
sensor.ral1ch8035_grid_power,1086.5,2026-04-08T11:12:45.512Z
sensor.ral1ch8035_grid_power,1086.59997558594,2026-04-08T11:12:55.557Z
sensor.ral1ch8035_grid_power,1076.40002441406,2026-04-08T11:13:15.523Z
sensor.ral1ch8035_grid_power,1076.80004882812,2026-04-08T11:13:25.527Z
sensor.ral1ch8035_grid_power,1147.0,2026-04-08T11:13:35.548Z
sensor.ral1ch8035_grid_power,1142.0,2026-04-08T11:13:45.512Z
sensor.ral1ch8035_grid_power,1144.09997558594,2026-04-08T11:13:55.560Z
sensor.ral1ch8035_grid_power,1190.70007324219,2026-04-08T11:14:05.538Z
sensor.ral1ch8035_grid_power,1239.40002441406,2026-04-08T11:14:15.552Z
sensor.ral1ch8035_grid_power,1231.20007324219,2026-04-08T11:14:25.564Z
sensor.ral1ch8035_grid_power,1239.5,2026-04-08T11:14:35.552Z
sensor.ral1ch8035_grid_power,1245.0,2026-04-08T11:14:45.549Z
sensor.ral1ch8035_grid_power,1242.90002441406,2026-04-08T11:14:55.547Z
sensor.ral1ch8035_grid_power,1240.40002441406,2026-04-08T11:15:05.546Z
sensor.ral1ch8035_grid_power,1237.80004882812,2026-04-08T11:15:15.559Z
sensor.ral1ch8035_grid_power,1234.80004882812,2026-04-08T11:15:25.561Z
sensor.ral1ch8035_grid_power,1038.0,2026-04-08T11:15:35.588Z
sensor.ral1ch8035_grid_power,1040.70007324219,2026-04-08T11:15:45.563Z
sensor.ral1ch8035_grid_power,1036.80004882812,2026-04-08T11:15:55.552Z
sensor.ral1ch8035_grid_power,1115.70007324219,2026-04-08T11:16:05.575Z
sensor.ral1ch8035_grid_power,1117.30004882812,2026-04-08T11:16:15.577Z
sensor.ral1ch8035_grid_power,1120.40002441406,2026-04-08T11:16:35.592Z
sensor.ral1ch8035_grid_power,1118.0,2026-04-08T11:16:45.572Z
sensor.ral1ch8035_grid_power,1117.09997558594,2026-04-08T11:16:55.570Z
sensor.ral1ch8035_grid_power,1152.90002441406,2026-04-08T11:17:05.592Z
sensor.ral1ch8035_grid_power,1156.90002441406,2026-04-08T11:17:15.572Z
sensor.ral1ch8035_grid_power,1122.80004882812,2026-04-08T11:17:35.610Z
sensor.ral1ch8035_grid_power,1121.20007324219,2026-04-08T11:17:45.558Z
sensor.ral1ch8035_grid_power,1118.40002441406,2026-04-08T11:17:55.567Z
sensor.ral1ch8035_grid_power,1221.09997558594,2026-04-08T11:18:05.616Z
sensor.ral1ch8035_grid_power,1208.80004882812,2026-04-08T11:18:15.570Z
sensor.ral1ch8035_grid_power,1209.40002441406,2026-04-08T11:18:25.605Z
sensor.ral1ch8035_grid_power,1102.70007324219,2026-04-08T11:18:35.577Z
sensor.ral1ch8035_grid_power,1114.59997558594,2026-04-08T11:18:45.559Z
sensor.ral1ch8035_grid_power,1118.30004882812,2026-04-08T11:18:55.599Z
sensor.ral1ch8035_grid_power,1199.0,2026-04-08T11:19:05.593Z
sensor.ral1ch8035_grid_power,1181.5,2026-04-08T11:19:15.583Z
sensor.ral1ch8035_grid_power,1177.09997558594,2026-04-08T11:19:25.575Z
sensor.ral1ch8035_grid_power,1134.20007324219,2026-04-08T11:19:35.593Z
sensor.ral1ch8035_grid_power,1135.80004882812,2026-04-08T11:19:45.591Z
sensor.ral1ch8035_grid_power,1130.5,2026-04-08T11:19:55.594Z
sensor.ral1ch8035_grid_power,1128.40002441406,2026-04-08T11:20:05.585Z
sensor.ral1ch8035_grid_power,1128.90002441406,2026-04-08T11:20:15.585Z
sensor.ral1ch8035_grid_power,1132.5,2026-04-08T11:20:25.592Z
sensor.ral1ch8035_grid_power,1236.40002441406,2026-04-08T11:20:35.594Z
sensor.ral1ch8035_grid_power,1234.30004882812,2026-04-08T11:20:45.631Z
sensor.ral1ch8035_grid_power,1224.30004882812,2026-04-08T11:20:55.605Z
sensor.ral1ch8035_grid_power,1201.40002441406,2026-04-08T11:21:05.599Z
sensor.ral1ch8035_grid_power,1206.90002441406,2026-04-08T11:21:15.602Z
sensor.ral1ch8035_grid_power,1196.20007324219,2026-04-08T11:21:25.601Z
sensor.ral1ch8035_grid_power,1111.0,2026-04-08T11:21:35.609Z
sensor.ral1ch8035_grid_power,1112.70007324219,2026-04-08T11:21:55.617Z
sensor.ral1ch8035_grid_power,1116.5,2026-04-08T11:22:05.610Z
sensor.ral1ch8035_grid_power,1115.90002441406,2026-04-08T11:22:15.603Z
sensor.ral1ch8035_grid_power,1113.70007324219,2026-04-08T11:22:25.611Z
sensor.ral1ch8035_grid_power,1115.0,2026-04-08T11:22:35.625Z
sensor.ral1ch8035_grid_power,1113.59997558594,2026-04-08T11:22:55.620Z
sensor.ral1ch8035_grid_power,1115.59997558594,2026-04-08T11:23:05.616Z
sensor.ral1ch8035_grid_power,1110.09997558594,2026-04-08T11:23:15.611Z
sensor.ral1ch8035_grid_power,1110.90002441406,2026-04-08T11:23:25.608Z
sensor.ral1ch8035_grid_power,1165.90002441406,2026-04-08T11:23:35.632Z
sensor.ral1ch8035_grid_power,1166.0,2026-04-08T11:23:45.643Z
sensor.ral1ch8035_grid_power,1164.5,2026-04-08T11:23:55.626Z
sensor.ral1ch8035_grid_power,1188.0,2026-04-08T11:24:05.644Z
sensor.ral1ch8035_grid_power,1188.20007324219,2026-04-08T11:24:15.641Z
sensor.ral1ch8035_grid_power,1183.80004882812,2026-04-08T11:24:25.624Z
sensor.ral1ch8035_grid_power,1273.0,2026-04-08T11:24:35.635Z
sensor.ral1ch8035_grid_power,1245.20007324219,2026-04-08T11:24:55.638Z
sensor.ral1ch8035_grid_power,1255.70007324219,2026-04-08T11:25:05.644Z
sensor.ral1ch8035_grid_power,1275.09997558594,2026-04-08T11:25:15.652Z
sensor.ral1ch8035_grid_power,1276.90002441406,2026-04-08T11:25:25.642Z
sensor.ral1ch8035_grid_power,1296.80004882812,2026-04-08T11:25:35.652Z
sensor.ral1ch8035_grid_power,1297.40002441406,2026-04-08T11:25:45.659Z
sensor.ral1ch8035_grid_power,1309.5,2026-04-08T11:25:55.667Z
sensor.ral1ch8035_grid_power,1117.59997558594,2026-04-08T11:26:05.668Z
sensor.ral1ch8035_grid_power,1116.5,2026-04-08T11:26:15.664Z
sensor.ral1ch8035_grid_power,1120.20007324219,2026-04-08T11:26:25.668Z
sensor.ral1ch8035_grid_power,1119.90002441406,2026-04-08T11:26:35.672Z
sensor.ral1ch8035_grid_power,1118.40002441406,2026-04-08T11:26:45.656Z
sensor.ral1ch8035_grid_power,1118.5,2026-04-08T11:26:55.663Z
sensor.ral1ch8035_grid_power,1122.30004882812,2026-04-08T11:27:05.664Z
sensor.ral1ch8035_grid_power,1119.0,2026-04-08T11:27:25.666Z
sensor.ral1ch8035_grid_power,1115.59997558594,2026-04-08T11:27:35.666Z
sensor.ral1ch8035_grid_power,1116.80004882812,2026-04-08T11:27:45.667Z
sensor.ral1ch8035_grid_power,1119.90002441406,2026-04-08T11:27:55.680Z
sensor.ral1ch8035_grid_power,1121.70007324219,2026-04-08T11:28:05.669Z
sensor.ral1ch8035_grid_power,1117.30004882812,2026-04-08T11:28:15.661Z
sensor.ral1ch8035_grid_power,1118.20007324219,2026-04-08T11:28:25.664Z
sensor.ral1ch8035_grid_power,1118.30004882812,2026-04-08T11:28:35.655Z
sensor.ral1ch8035_grid_power,1112.80004882812,2026-04-08T11:28:45.680Z
sensor.ral1ch8035_grid_power,1111.90002441406,2026-04-08T11:29:05.683Z
sensor.ral1ch8035_grid_power,1122.5,2026-04-08T11:29:15.675Z
sensor.ral1ch8035_grid_power,1119.30004882812,2026-04-08T11:29:25.693Z
sensor.ral1ch8035_grid_power,1128.80004882812,2026-04-08T11:29:35.684Z
sensor.ral1ch8035_grid_power,1125.90002441406,2026-04-08T11:29:45.684Z
sensor.ral1ch8035_grid_power,1124.70007324219,2026-04-08T11:29:55.671Z
sensor.ral1ch8035_grid_power,1164.5,2026-04-08T11:30:15.686Z
sensor.ral1ch8035_grid_power,1166.09997558594,2026-04-08T11:30:25.685Z
sensor.ral1ch8035_grid_power,1088.09997558594,2026-04-08T11:30:35.677Z
sensor.ral1ch8035_grid_power,1090.20007324219,2026-04-08T11:30:45.698Z
sensor.ral1ch8035_grid_power,1086.0,2026-04-08T11:30:55.699Z
sensor.ral1ch8035_grid_power,1055.59997558594,2026-04-08T11:31:05.684Z
sensor.ral1ch8035_grid_power,1062.5,2026-04-08T11:31:15.705Z
sensor.ral1ch8035_grid_power,1054.40002441406,2026-04-08T11:31:25.685Z
sensor.ral1ch8035_grid_power,1053.5,2026-04-08T11:31:35.688Z
sensor.ral1ch8035_grid_power,1054.59997558594,2026-04-08T11:31:45.697Z
sensor.ral1ch8035_grid_power,1052.40002441406,2026-04-08T11:31:55.693Z
sensor.ral1ch8035_grid_power,1053.0,2026-04-08T11:32:05.692Z
sensor.ral1ch8035_grid_power,1057.40002441406,2026-04-08T11:32:15.701Z
sensor.ral1ch8035_grid_power,1053.20007324219,2026-04-08T11:32:25.691Z
sensor.ral1ch8035_grid_power,1087.09997558594,2026-04-08T11:32:35.702Z
sensor.ral1ch8035_grid_power,1087.40002441406,2026-04-08T11:32:45.736Z
sensor.ral1ch8035_grid_power,1086.59997558594,2026-04-08T11:33:05.710Z
sensor.ral1ch8035_grid_power,1086.40002441406,2026-04-08T11:33:15.713Z
sensor.ral1ch8035_grid_power,1087.09997558594,2026-04-08T11:33:25.751Z
sensor.ral1ch8035_grid_power,1084.0,2026-04-08T11:33:35.735Z
sensor.ral1ch8035_grid_power,1073.40002441406,2026-04-08T11:33:55.720Z
sensor.ral1ch8035_grid_power,1077.70007324219,2026-04-08T11:34:05.743Z
sensor.ral1ch8035_grid_power,1078.30004882812,2026-04-08T11:34:15.745Z
sensor.ral1ch8035_grid_power,1082.5,2026-04-08T11:34:35.717Z
sensor.ral1ch8035_grid_power,1086.5,2026-04-08T11:34:45.715Z
sensor.ral1ch8035_grid_power,1086.90002441406,2026-04-08T11:34:55.737Z
sensor.ral1ch8035_grid_power,1109.5,2026-04-08T11:35:05.753Z
sensor.ral1ch8035_grid_power,1111.5,2026-04-08T11:35:15.730Z
sensor.ral1ch8035_grid_power,1110.5,2026-04-08T11:35:25.735Z
sensor.ral1ch8035_grid_power,1146.0,2026-04-08T11:35:35.750Z
sensor.ral1ch8035_grid_power,1145.70007324219,2026-04-08T11:35:45.735Z
sensor.ral1ch8035_grid_power,1138.59997558594,2026-04-08T11:35:55.724Z
sensor.ral1ch8035_grid_power,1160.30004882812,2026-04-08T11:36:05.746Z
sensor.ral1ch8035_grid_power,1161.90002441406,2026-04-08T11:36:15.746Z
sensor.ral1ch8035_grid_power,1154.40002441406,2026-04-08T11:36:25.720Z
sensor.ral1ch8035_grid_power,1149.5,2026-04-08T11:36:35.738Z
sensor.ral1ch8035_grid_power,1144.0,2026-04-08T11:36:45.739Z
sensor.ral1ch8035_grid_power,1139.30004882812,2026-04-08T11:36:55.753Z
sensor.ral1ch8035_grid_power,1176.20007324219,2026-04-08T11:37:15.764Z
sensor.ral1ch8035_grid_power,1182.40002441406,2026-04-08T11:37:25.754Z
sensor.ral1ch8035_grid_power,1177.30004882812,2026-04-08T11:37:35.723Z
sensor.ral1ch8035_grid_power,1180.09997558594,2026-04-08T11:37:45.734Z
sensor.ral1ch8035_grid_power,1186.40002441406,2026-04-08T11:37:55.736Z
sensor.ral1ch8035_grid_power,1185.59997558594,2026-04-08T11:38:05.782Z
sensor.ral1ch8035_grid_power,1178.59997558594,2026-04-08T11:38:15.744Z
sensor.ral1ch8035_grid_power,1180.5,2026-04-08T11:38:25.740Z
sensor.ral1ch8035_grid_power,1180.80004882812,2026-04-08T11:38:35.766Z
sensor.ral1ch8035_grid_power,1173.09997558594,2026-04-08T11:38:45.768Z
sensor.ral1ch8035_grid_power,1188.70007324219,2026-04-08T11:38:55.757Z
sensor.ral1ch8035_grid_power,1192.09997558594,2026-04-08T11:39:05.759Z
sensor.ral1ch8035_grid_power,1174.30004882812,2026-04-08T11:39:15.764Z
sensor.ral1ch8035_grid_power,1186.80004882812,2026-04-08T11:39:25.775Z
sensor.ral1ch8035_grid_power,1316.30004882812,2026-04-08T11:39:35.751Z
sensor.ral1ch8035_grid_power,1257.09997558594,2026-04-08T11:39:45.754Z
sensor.ral1ch8035_grid_power,1255.5,2026-04-08T11:39:55.750Z
sensor.ral1ch8035_grid_power,1409.5,2026-04-08T11:40:15.799Z
sensor.ral1ch8035_grid_power,1382.90002441406,2026-04-08T11:40:25.762Z
sensor.ral1ch8035_grid_power,1384.59997558594,2026-04-08T11:40:35.775Z
sensor.ral1ch8035_grid_power,1386.90002441406,2026-04-08T11:40:45.776Z
sensor.ral1ch8035_grid_power,1384.09997558594,2026-04-08T11:40:55.768Z
sensor.ral1ch8035_grid_power,1381.90002441406,2026-04-08T11:41:15.774Z
sensor.ral1ch8035_grid_power,1379.30004882812,2026-04-08T11:41:25.781Z
sensor.ral1ch8035_grid_power,1384.30004882812,2026-04-08T11:41:35.787Z
sensor.ral1ch8035_grid_power,1382.40002441406,2026-04-08T11:41:45.777Z
sensor.ral1ch8035_grid_power,1375.70007324219,2026-04-08T11:42:05.798Z
sensor.ral1ch8035_grid_power,1373.5,2026-04-08T11:42:15.789Z
sensor.ral1ch8035_grid_power,1370.90002441406,2026-04-08T11:42:25.810Z
sensor.ral1ch8035_grid_power,1371.20007324219,2026-04-08T11:42:35.821Z
sensor.ral1ch8035_grid_power,1380.90002441406,2026-04-08T11:42:45.830Z
sensor.ral1ch8035_grid_power,1380.5,2026-04-08T11:42:55.787Z
sensor.ral1ch8035_grid_power,1386.20007324219,2026-04-08T11:43:05.796Z
sensor.ral1ch8035_grid_power,1387.90002441406,2026-04-08T11:43:15.786Z
sensor.ral1ch8035_grid_power,1383.0,2026-04-08T11:43:25.820Z
sensor.ral1ch8035_grid_power,1382.30004882812,2026-04-08T11:43:35.792Z
sensor.ral1ch8035_grid_power,1385.0,2026-04-08T11:43:45.816Z
sensor.ral1ch8035_grid_power,1382.30004882812,2026-04-08T11:43:55.822Z
sensor.ral1ch8035_grid_power,1131.20007324219,2026-04-08T11:44:05.828Z
sensor.ral1ch8035_grid_power,1131.09997558594,2026-04-08T11:44:15.803Z
sensor.ral1ch8035_grid_power,1133.40002441406,2026-04-08T11:44:25.829Z
sensor.ral1ch8035_grid_power,1085.5,2026-04-08T11:44:35.838Z
sensor.ral1ch8035_grid_power,1084.80004882812,2026-04-08T11:44:45.809Z
sensor.ral1ch8035_grid_power,1088.40002441406,2026-04-08T11:44:55.832Z
sensor.ral1ch8035_grid_power,1086.70007324219,2026-04-08T11:45:05.824Z
sensor.ral1ch8035_grid_power,1090.90002441406,2026-04-08T11:45:15.826Z
sensor.ral1ch8035_grid_power,1086.80004882812,2026-04-08T11:45:25.826Z
sensor.ral1ch8035_grid_power,1083.90002441406,2026-04-08T11:45:35.833Z
sensor.ral1ch8035_grid_power,1087.59997558594,2026-04-08T11:45:45.814Z
sensor.ral1ch8035_grid_power,1083.20007324219,2026-04-08T11:45:55.830Z
sensor.ral1ch8035_grid_power,1082.80004882812,2026-04-08T11:46:05.835Z
sensor.ral1ch8035_grid_power,1084.5,2026-04-08T11:46:15.805Z
sensor.ral1ch8035_grid_power,1081.30004882812,2026-04-08T11:46:25.855Z
sensor.ral1ch8035_grid_power,1085.5,2026-04-08T11:46:35.821Z
sensor.ral1ch8035_grid_power,1088.40002441406,2026-04-08T11:46:45.844Z
sensor.ral1ch8035_grid_power,1087.20007324219,2026-04-08T11:46:55.844Z
sensor.ral1ch8035_grid_power,1082.59997558594,2026-04-08T11:47:05.818Z
sensor.ral1ch8035_grid_power,1079.0,2026-04-08T11:47:15.823Z
sensor.ral1ch8035_grid_power,1079.70007324219,2026-04-08T11:47:25.818Z
sensor.ral1ch8035_grid_power,1080.80004882812,2026-04-08T11:47:35.827Z
sensor.ral1ch8035_grid_power,1084.30004882812,2026-04-08T11:47:45.815Z
sensor.ral1ch8035_grid_power,1081.20007324219,2026-04-08T11:47:55.821Z
sensor.ral1ch8035_grid_power,1081.5,2026-04-08T11:48:05.852Z
sensor.ral1ch8035_grid_power,1077.70007324219,2026-04-08T11:48:15.832Z
sensor.ral1ch8035_grid_power,1085.40002441406,2026-04-08T11:48:25.830Z
sensor.ral1ch8035_grid_power,1077.59997558594,2026-04-08T11:48:35.831Z
sensor.ral1ch8035_grid_power,1082.80004882812,2026-04-08T11:48:45.839Z
sensor.ral1ch8035_grid_power,1085.59997558594,2026-04-08T11:48:55.839Z
sensor.ral1ch8035_grid_power,1086.30004882812,2026-04-08T11:49:15.836Z
sensor.ral1ch8035_grid_power,1085.5,2026-04-08T11:49:25.837Z
sensor.ral1ch8035_grid_power,1086.40002441406,2026-04-08T11:49:35.871Z
sensor.ral1ch8035_grid_power,1082.40002441406,2026-04-08T11:49:45.842Z
sensor.ral1ch8035_grid_power,1083.40002441406,2026-04-08T11:49:55.850Z
sensor.ral1ch8035_grid_power,1084.70007324219,2026-04-08T11:50:05.844Z
sensor.ral1ch8035_grid_power,1082.5,2026-04-08T11:50:15.854Z
sensor.ral1ch8035_grid_power,1085.70007324219,2026-04-08T11:50:25.859Z
sensor.ral1ch8035_grid_power,1079.90002441406,2026-04-08T11:50:35.863Z
sensor.ral1ch8035_grid_power,1083.59997558594,2026-04-08T11:50:45.862Z
sensor.ral1ch8035_grid_power,1083.90002441406,2026-04-08T11:50:55.863Z
sensor.ral1ch8035_grid_power,1080.70007324219,2026-04-08T11:51:05.850Z
sensor.ral1ch8035_grid_power,1083.5,2026-04-08T11:51:15.862Z
sensor.ral1ch8035_grid_power,1078.20007324219,2026-04-08T11:51:25.847Z
sensor.ral1ch8035_grid_power,1080.59997558594,2026-04-08T11:51:35.856Z
sensor.ral1ch8035_grid_power,1082.80004882812,2026-04-08T11:51:45.847Z
sensor.ral1ch8035_grid_power,1083.20007324219,2026-04-08T11:51:55.867Z
sensor.ral1ch8035_grid_power,1084.5,2026-04-08T11:52:05.879Z
sensor.ral1ch8035_grid_power,1085.80004882812,2026-04-08T11:52:15.857Z
sensor.ral1ch8035_grid_power,1083.80004882812,2026-04-08T11:52:25.869Z
sensor.ral1ch8035_grid_power,1083.09997558594,2026-04-08T11:52:35.864Z
sensor.ral1ch8035_grid_power,1087.90002441406,2026-04-08T11:52:45.862Z
sensor.ral1ch8035_grid_power,1083.40002441406,2026-04-08T11:52:55.871Z
sensor.ral1ch8035_grid_power,1081.40002441406,2026-04-08T11:53:05.876Z
sensor.ral1ch8035_grid_power,1088.09997558594,2026-04-08T11:53:15.887Z
sensor.ral1ch8035_grid_power,1090.5,2026-04-08T11:53:25.875Z
sensor.ral1ch8035_grid_power,1084.30004882812,2026-04-08T11:53:35.860Z
sensor.ral1ch8035_grid_power,1079.0,2026-04-08T11:53:45.875Z
sensor.ral1ch8035_grid_power,1083.0,2026-04-08T11:53:55.878Z
sensor.ral1ch8035_grid_power,1086.0,2026-04-08T11:54:05.936Z
sensor.ral1ch8035_grid_power,1085.90002441406,2026-04-08T11:54:15.881Z
sensor.ral1ch8035_grid_power,1081.0,2026-04-08T11:54:25.882Z
sensor.ral1ch8035_grid_power,1086.20007324219,2026-04-08T11:54:35.877Z
sensor.ral1ch8035_grid_power,1081.5,2026-04-08T11:54:45.899Z
sensor.ral1ch8035_grid_power,1080.30004882812,2026-04-08T11:54:55.887Z
sensor.ral1ch8035_grid_power,1084.70007324219,2026-04-08T11:55:05.893Z
sensor.ral1ch8035_grid_power,1082.0,2026-04-08T11:55:15.900Z
sensor.ral1ch8035_grid_power,1074.59997558594,2026-04-08T11:55:25.896Z
sensor.ral1ch8035_grid_power,1128.09997558594,2026-04-08T11:55:35.903Z
sensor.ral1ch8035_grid_power,1128.20007324219,2026-04-08T11:55:45.893Z
sensor.ral1ch8035_grid_power,1117.5,2026-04-08T11:56:05.906Z
sensor.ral1ch8035_grid_power,1116.0,2026-04-08T11:56:15.891Z
sensor.ral1ch8035_grid_power,1118.30004882812,2026-04-08T11:56:25.906Z
sensor.ral1ch8035_grid_power,1114.59997558594,2026-04-08T11:56:35.900Z
sensor.ral1ch8035_grid_power,1114.70007324219,2026-04-08T11:56:45.904Z
sensor.ral1ch8035_grid_power,1112.0,2026-04-08T11:57:05.914Z
sensor.ral1ch8035_grid_power,1106.70007324219,2026-04-08T11:57:15.894Z
sensor.ral1ch8035_grid_power,1111.40002441406,2026-04-08T11:57:25.897Z
sensor.ral1ch8035_grid_power,1107.80004882812,2026-04-08T11:57:35.914Z
sensor.ral1ch8035_grid_power,1106.80004882812,2026-04-08T11:57:45.921Z
sensor.ral1ch8035_grid_power,1109.20007324219,2026-04-08T11:57:55.923Z
sensor.ral1ch8035_grid_power,1111.90002441406,2026-04-08T11:58:05.914Z
sensor.ral1ch8035_grid_power,1109.59997558594,2026-04-08T11:58:15.912Z
sensor.ral1ch8035_grid_power,1118.5,2026-04-08T11:58:25.915Z
sensor.ral1ch8035_grid_power,1114.5,2026-04-08T11:58:35.951Z
sensor.ral1ch8035_grid_power,1117.5,2026-04-08T11:58:45.913Z
sensor.ral1ch8035_grid_power,1117.09997558594,2026-04-08T11:58:55.928Z
sensor.ral1ch8035_grid_power,1117.80004882812,2026-04-08T11:59:05.931Z
sensor.ral1ch8035_grid_power,1118.0,2026-04-08T11:59:25.957Z
sensor.ral1ch8035_grid_power,1118.80004882812,2026-04-08T11:59:35.962Z
sensor.ral1ch8035_grid_power,1116.0,2026-04-08T11:59:45.931Z
sensor.ral1ch8035_grid_power,1120.40002441406,2026-04-08T11:59:55.956Z
sensor.ral1ch8035_grid_power,1110.70007324219,2026-04-08T12:00:05.963Z
sensor.ral1ch8035_grid_power,1115.80004882812,2026-04-08T12:00:26.010Z
sensor.ral1ch8035_grid_power,747.5,2026-04-08T12:00:46.212Z
sensor.ral1ch8035_grid_power,744.900024414062,2026-04-08T12:00:56.367Z
sensor.ral1ch8035_grid_power,737.200012207031,2026-04-08T12:01:05.951Z
sensor.ral1ch8035_grid_power,732.900024414062,2026-04-08T12:01:15.976Z
sensor.ral1ch8035_grid_power,733.799987792969,2026-04-08T12:01:26.153Z
sensor.ral1ch8035_grid_power,675.799987792969,2026-04-08T12:01:35.989Z
sensor.ral1ch8035_grid_power,674.799987792969,2026-04-08T12:01:45.945Z
sensor.ral1ch8035_grid_power,674.299987792969,2026-04-08T12:01:55.987Z
sensor.ral1ch8035_grid_power,672.700012207031,2026-04-08T12:02:05.980Z
sensor.ral1ch8035_grid_power,675.799987792969,2026-04-08T12:02:15.969Z
sensor.ral1ch8035_grid_power,680.100036621094,2026-04-08T12:02:25.967Z
sensor.ral1ch8035_grid_power,675.0,2026-04-08T12:02:35.959Z
sensor.ral1ch8035_grid_power,677.799987792969,2026-04-08T12:02:45.975Z
sensor.ral1ch8035_grid_power,674.100036621094,2026-04-08T12:02:55.983Z
sensor.ral1ch8035_grid_power,671.900024414062,2026-04-08T12:03:05.968Z
sensor.ral1ch8035_grid_power,671.700012207031,2026-04-08T12:03:15.974Z
sensor.ral1ch8035_grid_power,670.5,2026-04-08T12:03:25.981Z
sensor.ral1ch8035_grid_power,672.799987792969,2026-04-08T12:03:35.967Z
sensor.ral1ch8035_grid_power,673.0,2026-04-08T12:03:45.969Z
sensor.ral1ch8035_grid_power,675.5,2026-04-08T12:03:55.971Z
sensor.ral1ch8035_grid_power,677.5,2026-04-08T12:04:05.997Z
sensor.ral1ch8035_grid_power,677.299987792969,2026-04-08T12:04:15.973Z
sensor.ral1ch8035_grid_power,673.200012207031,2026-04-08T12:04:25.964Z
sensor.ral1ch8035_grid_power,677.100036621094,2026-04-08T12:04:35.970Z
sensor.ral1ch8035_grid_power,670.200012207031,2026-04-08T12:04:45.970Z
sensor.ral1ch8035_grid_power,671.100036621094,2026-04-08T12:04:55.970Z
sensor.ral1ch8035_grid_power,1136.90002441406,2026-04-08T12:05:06.297Z
sensor.ral1ch8035_grid_power,1359.0,2026-04-08T12:05:16.328Z
sensor.ral1ch8035_grid_power,1732.70007324219,2026-04-08T12:05:26.334Z
sensor.ral1ch8035_grid_power,1875.40002441406,2026-04-08T12:05:36.697Z
sensor.ral1ch8035_grid_power,1976.40002441406,2026-04-08T12:05:46.391Z
sensor.ral1ch8035_grid_power,1960.70007324219,2026-04-08T12:05:56.403Z
sensor.ral1ch8035_grid_power,1963.90002441406,2026-04-08T12:06:06.425Z
sensor.ral1ch8035_grid_power,2024.0,2026-04-08T12:06:16.490Z
sensor.ral1ch8035_grid_power,2046.80004882812,2026-04-08T12:06:25.979Z
sensor.ral1ch8035_grid_power,2078.19995117188,2026-04-08T12:06:36.472Z
sensor.ral1ch8035_grid_power,2080.40014648438,2026-04-08T12:06:45.986Z
sensor.ral1ch8035_grid_power,2064.69995117188,2026-04-08T12:07:06.000Z
sensor.ral1ch8035_grid_power,2057.69995117188,2026-04-08T12:07:15.980Z
sensor.ral1ch8035_grid_power,2057.80004882812,2026-04-08T12:07:25.986Z
sensor.ral1ch8035_grid_power,1860.80004882812,2026-04-08T12:07:36.005Z
sensor.ral1ch8035_grid_power,960.5,2026-04-08T12:07:46.006Z
sensor.ral1ch8035_grid_power,962.200012207031,2026-04-08T12:07:55.999Z
sensor.ral1ch8035_grid_power,613.299987792969,2026-04-08T12:08:06.003Z
sensor.ral1ch8035_grid_power,615.700012207031,2026-04-08T12:08:15.999Z
sensor.ral1ch8035_grid_power,617.100036621094,2026-04-08T12:08:26.002Z
sensor.ral1ch8035_grid_power,615.5,2026-04-08T12:08:35.998Z
sensor.ral1ch8035_grid_power,626.100036621094,2026-04-08T12:08:45.998Z
sensor.ral1ch8035_grid_power,630.100036621094,2026-04-08T12:08:56.007Z
sensor.ral1ch8035_grid_power,625.400024414062,2026-04-08T12:09:06.003Z
sensor.ral1ch8035_grid_power,623.600036621094,2026-04-08T12:09:26.025Z
sensor.ral1ch8035_grid_power,625.799987792969,2026-04-08T12:09:36.019Z
sensor.ral1ch8035_grid_power,625.200012207031,2026-04-08T12:09:46.043Z
sensor.ral1ch8035_grid_power,626.5,2026-04-08T12:09:55.996Z
sensor.ral1ch8035_grid_power,625.400024414062,2026-04-08T12:10:16.022Z
sensor.ral1ch8035_grid_power,628.400024414062,2026-04-08T12:10:26.021Z
sensor.ral1ch8035_grid_power,657.0,2026-04-08T12:10:36.021Z
sensor.ral1ch8035_grid_power,658.299987792969,2026-04-08T12:10:46.017Z
sensor.ral1ch8035_grid_power,656.400024414062,2026-04-08T12:10:56.042Z
sensor.ral1ch8035_grid_power,654.299987792969,2026-04-08T12:11:06.043Z
sensor.ral1ch8035_grid_power,654.200012207031,2026-04-08T12:11:16.013Z
sensor.ral1ch8035_grid_power,656.200012207031,2026-04-08T12:11:26.034Z
sensor.ral1ch8035_grid_power,656.0,2026-04-08T12:11:36.047Z
sensor.ral1ch8035_grid_power,658.900024414062,2026-04-08T12:11:46.056Z
sensor.ral1ch8035_grid_power,651.100036621094,2026-04-08T12:11:56.037Z
sensor.ral1ch8035_grid_power,651.900024414062,2026-04-08T12:12:16.069Z
sensor.ral1ch8035_grid_power,654.200012207031,2026-04-08T12:12:26.028Z
sensor.ral1ch8035_grid_power,650.900024414062,2026-04-08T12:12:36.040Z
sensor.ral1ch8035_grid_power,650.400024414062,2026-04-08T12:12:46.049Z
sensor.ral1ch8035_grid_power,652.799987792969,2026-04-08T12:12:56.056Z
sensor.ral1ch8035_grid_power,655.100036621094,2026-04-08T12:13:16.039Z
sensor.ral1ch8035_grid_power,650.400024414062,2026-04-08T12:13:26.039Z
sensor.ral1ch8035_grid_power,653.600036621094,2026-04-08T12:13:36.085Z
sensor.ral1ch8035_grid_power,654.799987792969,2026-04-08T12:13:46.057Z
sensor.ral1ch8035_grid_power,653.5,2026-04-08T12:13:56.057Z
sensor.ral1ch8035_grid_power,651.400024414062,2026-04-08T12:14:06.063Z
sensor.ral1ch8035_grid_power,657.200012207031,2026-04-08T12:14:16.054Z
sensor.ral1ch8035_grid_power,654.200012207031,2026-04-08T12:14:36.050Z
sensor.ral1ch8035_grid_power,661.400024414062,2026-04-08T12:14:56.065Z
sensor.ral1ch8035_grid_power,654.100036621094,2026-04-08T12:15:06.066Z
sensor.ral1ch8035_grid_power,657.200012207031,2026-04-08T12:15:16.055Z
sensor.ral1ch8035_grid_power,654.299987792969,2026-04-08T12:15:26.055Z
sensor.ral1ch8035_grid_power,652.200012207031,2026-04-08T12:15:36.071Z
sensor.ral1ch8035_grid_power,653.700012207031,2026-04-08T12:15:46.066Z
sensor.ral1ch8035_grid_power,655.600036621094,2026-04-08T12:15:56.067Z
sensor.ral1ch8035_grid_power,653.100036621094,2026-04-08T12:16:06.052Z
sensor.ral1ch8035_grid_power,655.200012207031,2026-04-08T12:16:16.078Z
sensor.ral1ch8035_grid_power,652.799987792969,2026-04-08T12:16:26.070Z
sensor.ral1ch8035_grid_power,654.900024414062,2026-04-08T12:16:36.074Z
sensor.ral1ch8035_grid_power,655.5,2026-04-08T12:16:46.079Z
sensor.ral1ch8035_grid_power,652.700012207031,2026-04-08T12:16:56.085Z
sensor.ral1ch8035_grid_power,652.0,2026-04-08T12:17:06.086Z
sensor.ral1ch8035_grid_power,654.700012207031,2026-04-08T12:17:16.068Z
sensor.ral1ch8035_grid_power,653.900024414062,2026-04-08T12:17:26.086Z
sensor.ral1ch8035_grid_power,654.100036621094,2026-04-08T12:17:36.078Z
sensor.ral1ch8035_grid_power,651.5,2026-04-08T12:17:46.085Z
sensor.ral1ch8035_grid_power,649.799987792969,2026-04-08T12:17:56.067Z
sensor.ral1ch8035_grid_power,656.100036621094,2026-04-08T12:18:06.086Z
sensor.ral1ch8035_grid_power,649.299987792969,2026-04-08T12:18:16.070Z
sensor.ral1ch8035_grid_power,655.799987792969,2026-04-08T12:18:26.072Z
sensor.ral1ch8035_grid_power,655.400024414062,2026-04-08T12:18:36.067Z
sensor.ral1ch8035_grid_power,653.700012207031,2026-04-08T12:18:46.068Z
sensor.ral1ch8035_grid_power,651.299987792969,2026-04-08T12:18:56.073Z
sensor.ral1ch8035_grid_power,656.799987792969,2026-04-08T12:19:06.086Z
sensor.ral1ch8035_grid_power,654.400024414062,2026-04-08T12:19:16.089Z
sensor.ral1ch8035_grid_power,650.5,2026-04-08T12:19:26.085Z
sensor.ral1ch8035_grid_power,658.299987792969,2026-04-08T12:19:36.109Z
sensor.ral1ch8035_grid_power,654.799987792969,2026-04-08T12:19:46.094Z
sensor.ral1ch8035_grid_power,654.900024414062,2026-04-08T12:20:06.106Z
sensor.ral1ch8035_grid_power,653.900024414062,2026-04-08T12:20:16.132Z
sensor.ral1ch8035_grid_power,654.100036621094,2026-04-08T12:20:26.090Z
sensor.ral1ch8035_grid_power,655.900024414062,2026-04-08T12:20:36.140Z
sensor.ral1ch8035_grid_power,654.100036621094,2026-04-08T12:20:46.115Z
sensor.ral1ch8035_grid_power,652.0,2026-04-08T12:20:56.101Z
sensor.ral1ch8035_grid_power,654.100036621094,2026-04-08T12:21:16.111Z
sensor.ral1ch8035_grid_power,653.900024414062,2026-04-08T12:21:26.114Z
sensor.ral1ch8035_grid_power,653.200012207031,2026-04-08T12:21:36.113Z
sensor.ral1ch8035_grid_power,653.400024414062,2026-04-08T12:21:46.098Z
sensor.ral1ch8035_grid_power,653.700012207031,2026-04-08T12:21:56.124Z
sensor.ral1ch8035_grid_power,649.5,2026-04-08T12:22:06.124Z
sensor.ral1ch8035_grid_power,652.400024414062,2026-04-08T12:22:16.102Z
sensor.ral1ch8035_grid_power,652.799987792969,2026-04-08T12:22:26.103Z
sensor.ral1ch8035_grid_power,653.100036621094,2026-04-08T12:22:36.127Z
sensor.ral1ch8035_grid_power,654.0,2026-04-08T12:22:46.123Z
sensor.ral1ch8035_grid_power,656.5,2026-04-08T12:22:56.127Z
sensor.ral1ch8035_grid_power,657.400024414062,2026-04-08T12:23:06.121Z
sensor.ral1ch8035_grid_power,652.900024414062,2026-04-08T12:23:16.156Z
sensor.ral1ch8035_grid_power,654.799987792969,2026-04-08T12:23:26.119Z
sensor.ral1ch8035_grid_power,654.900024414062,2026-04-08T12:23:36.124Z
sensor.ral1ch8035_grid_power,653.600036621094,2026-04-08T12:23:46.117Z
sensor.ral1ch8035_grid_power,655.400024414062,2026-04-08T12:23:56.153Z
sensor.ral1ch8035_grid_power,655.100036621094,2026-04-08T12:24:16.125Z
sensor.ral1ch8035_grid_power,655.600036621094,2026-04-08T12:24:26.127Z
sensor.ral1ch8035_grid_power,654.0,2026-04-08T12:24:36.136Z
sensor.ral1ch8035_grid_power,646.200012207031,2026-04-08T12:24:46.129Z
sensor.ral1ch8035_grid_power,651.200012207031,2026-04-08T12:24:56.137Z
sensor.ral1ch8035_grid_power,715.200012207031,2026-04-08T12:25:06.146Z
sensor.ral1ch8035_grid_power,717.200012207031,2026-04-08T12:25:16.112Z
sensor.ral1ch8035_grid_power,720.700012207031,2026-04-08T12:25:26.146Z
sensor.ral1ch8035_grid_power,720.600036621094,2026-04-08T12:25:36.111Z
sensor.ral1ch8035_grid_power,720.299987792969,2026-04-08T12:25:46.124Z
sensor.ral1ch8035_grid_power,718.200012207031,2026-04-08T12:25:56.132Z
sensor.ral1ch8035_grid_power,719.299987792969,2026-04-08T12:26:06.153Z
sensor.ral1ch8035_grid_power,716.900024414062,2026-04-08T12:26:16.117Z
sensor.ral1ch8035_grid_power,714.700012207031,2026-04-08T12:26:26.124Z
sensor.ral1ch8035_grid_power,719.900024414062,2026-04-08T12:26:36.121Z
sensor.ral1ch8035_grid_power,721.799987792969,2026-04-08T12:26:46.127Z
sensor.ral1ch8035_grid_power,723.600036621094,2026-04-08T12:26:56.140Z
sensor.ral1ch8035_grid_power,726.5,2026-04-08T12:27:06.134Z
sensor.ral1ch8035_grid_power,724.900024414062,2026-04-08T12:27:16.129Z
sensor.ral1ch8035_grid_power,721.100036621094,2026-04-08T12:27:26.159Z
sensor.ral1ch8035_grid_power,721.400024414062,2026-04-08T12:27:36.140Z
sensor.ral1ch8035_grid_power,719.299987792969,2026-04-08T12:27:56.150Z
sensor.ral1ch8035_grid_power,720.0,2026-04-08T12:28:06.156Z
sensor.ral1ch8035_grid_power,717.700012207031,2026-04-08T12:28:16.144Z
sensor.ral1ch8035_grid_power,714.799987792969,2026-04-08T12:28:26.157Z
sensor.ral1ch8035_grid_power,718.200012207031,2026-04-08T12:28:36.168Z
sensor.ral1ch8035_grid_power,721.200012207031,2026-04-08T12:28:46.152Z
sensor.ral1ch8035_grid_power,722.700012207031,2026-04-08T12:28:56.148Z
sensor.ral1ch8035_grid_power,723.400024414062,2026-04-08T12:29:06.155Z
sensor.ral1ch8035_grid_power,720.0,2026-04-08T12:29:16.155Z
sensor.ral1ch8035_grid_power,715.600036621094,2026-04-08T12:29:36.160Z
sensor.ral1ch8035_grid_power,717.200012207031,2026-04-08T12:29:46.167Z
sensor.ral1ch8035_grid_power,717.799987792969,2026-04-08T12:29:56.176Z
sensor.ral1ch8035_grid_power,720.5,2026-04-08T12:30:16.164Z
sensor.ral1ch8035_grid_power,719.200012207031,2026-04-08T12:30:26.162Z
sensor.ral1ch8035_grid_power,716.400024414062,2026-04-08T12:30:36.174Z
sensor.ral1ch8035_grid_power,720.100036621094,2026-04-08T12:30:46.163Z
sensor.ral1ch8035_grid_power,721.299987792969,2026-04-08T12:30:56.186Z
sensor.ral1ch8035_grid_power,721.700012207031,2026-04-08T12:31:06.198Z
sensor.ral1ch8035_grid_power,722.799987792969,2026-04-08T12:31:26.170Z
sensor.ral1ch8035_grid_power,722.900024414062,2026-04-08T12:31:36.197Z
sensor.ral1ch8035_grid_power,722.5,2026-04-08T12:31:46.208Z
sensor.ral1ch8035_grid_power,719.200012207031,2026-04-08T12:31:56.186Z
sensor.ral1ch8035_grid_power,722.5,2026-04-08T12:32:06.194Z
sensor.ral1ch8035_grid_power,720.600036621094,2026-04-08T12:32:16.186Z
sensor.ral1ch8035_grid_power,720.5,2026-04-08T12:32:36.198Z
sensor.ral1ch8035_grid_power,715.799987792969,2026-04-08T12:32:46.185Z
sensor.ral1ch8035_grid_power,715.900024414062,2026-04-08T12:32:56.205Z
sensor.ral1ch8035_grid_power,713.100036621094,2026-04-08T12:33:06.216Z
sensor.ral1ch8035_grid_power,720.600036621094,2026-04-08T12:33:16.195Z
sensor.ral1ch8035_grid_power,717.700012207031,2026-04-08T12:33:26.189Z
sensor.ral1ch8035_grid_power,715.700012207031,2026-04-08T12:33:46.207Z
sensor.ral1ch8035_grid_power,715.0,2026-04-08T12:33:56.205Z
sensor.ral1ch8035_grid_power,720.200012207031,2026-04-08T12:34:06.221Z
sensor.ral1ch8035_grid_power,713.200012207031,2026-04-08T12:34:16.204Z
sensor.ral1ch8035_grid_power,717.200012207031,2026-04-08T12:34:26.205Z
sensor.ral1ch8035_grid_power,718.799987792969,2026-04-08T12:34:36.217Z
sensor.ral1ch8035_grid_power,715.600036621094,2026-04-08T12:34:56.219Z
sensor.ral1ch8035_grid_power,715.700012207031,2026-04-08T12:35:06.221Z
sensor.ral1ch8035_grid_power,721.5,2026-04-08T12:35:16.212Z
sensor.ral1ch8035_grid_power,718.0,2026-04-08T12:35:26.220Z
sensor.ral1ch8035_grid_power,718.5,2026-04-08T12:35:36.241Z
sensor.ral1ch8035_grid_power,716.0,2026-04-08T12:35:46.218Z
sensor.ral1ch8035_grid_power,713.100036621094,2026-04-08T12:35:56.210Z
sensor.ral1ch8035_grid_power,711.100036621094,2026-04-08T12:36:06.221Z
sensor.ral1ch8035_grid_power,713.299987792969,2026-04-08T12:36:16.222Z
sensor.ral1ch8035_grid_power,715.5,2026-04-08T12:36:26.223Z
sensor.ral1ch8035_grid_power,712.299987792969,2026-04-08T12:36:36.228Z
sensor.ral1ch8035_grid_power,709.700012207031,2026-04-08T12:36:46.229Z
sensor.ral1ch8035_grid_power,714.799987792969,2026-04-08T12:37:06.230Z
sensor.ral1ch8035_grid_power,715.700012207031,2026-04-08T12:37:16.249Z
sensor.ral1ch8035_grid_power,716.700012207031,2026-04-08T12:37:26.248Z
sensor.ral1ch8035_grid_power,717.900024414062,2026-04-08T12:37:36.253Z
sensor.ral1ch8035_grid_power,719.600036621094,2026-04-08T12:37:46.228Z
sensor.ral1ch8035_grid_power,720.200012207031,2026-04-08T12:37:56.243Z
sensor.ral1ch8035_grid_power,721.299987792969,2026-04-08T12:38:06.227Z
sensor.ral1ch8035_grid_power,720.5,2026-04-08T12:38:16.246Z
sensor.ral1ch8035_grid_power,721.200012207031,2026-04-08T12:38:26.266Z
sensor.ral1ch8035_grid_power,724.900024414062,2026-04-08T12:38:36.253Z
sensor.ral1ch8035_grid_power,721.5,2026-04-08T12:38:46.263Z
sensor.ral1ch8035_grid_power,724.299987792969,2026-04-08T12:38:56.248Z
sensor.ral1ch8035_grid_power,723.200012207031,2026-04-08T12:39:06.259Z
sensor.ral1ch8035_grid_power,721.600036621094,2026-04-08T12:39:16.247Z
sensor.ral1ch8035_grid_power,726.600036621094,2026-04-08T12:39:26.257Z
sensor.ral1ch8035_grid_power,523.200012207031,2026-04-08T12:39:36.287Z
sensor.ral1ch8035_grid_power,544.100036621094,2026-04-08T12:39:46.242Z
sensor.ral1ch8035_grid_power,543.200012207031,2026-04-08T12:39:56.275Z
sensor.ral1ch8035_grid_power,541.700012207031,2026-04-08T12:40:16.255Z
sensor.ral1ch8035_grid_power,542.700012207031,2026-04-08T12:40:26.250Z
sensor.ral1ch8035_grid_power,540.299987792969,2026-04-08T12:40:36.256Z
sensor.ral1ch8035_grid_power,543.5,2026-04-08T12:40:46.255Z
sensor.ral1ch8035_grid_power,543.600036621094,2026-04-08T12:40:56.266Z
sensor.ral1ch8035_grid_power,545.100036621094,2026-04-08T12:41:06.249Z
sensor.ral1ch8035_grid_power,541.5,2026-04-08T12:41:16.278Z
sensor.ral1ch8035_grid_power,540.200012207031,2026-04-08T12:41:36.266Z
sensor.ral1ch8035_grid_power,542.0,2026-04-08T12:41:46.272Z
sensor.ral1ch8035_grid_power,541.299987792969,2026-04-08T12:41:56.286Z
sensor.ral1ch8035_grid_power,544.400024414062,2026-04-08T12:42:06.294Z
sensor.ral1ch8035_grid_power,540.100036621094,2026-04-08T12:42:16.291Z
sensor.ral1ch8035_grid_power,540.600036621094,2026-04-08T12:42:26.267Z
sensor.ral1ch8035_grid_power,541.200012207031,2026-04-08T12:42:36.294Z
sensor.ral1ch8035_grid_power,542.400024414062,2026-04-08T12:42:46.279Z
sensor.ral1ch8035_grid_power,543.100036621094,2026-04-08T12:42:56.280Z
sensor.ral1ch8035_grid_power,541.5,2026-04-08T12:43:06.315Z
sensor.ral1ch8035_grid_power,541.799987792969,2026-04-08T12:43:16.280Z
sensor.ral1ch8035_grid_power,541.299987792969,2026-04-08T12:43:26.279Z
sensor.ral1ch8035_grid_power,544.200012207031,2026-04-08T12:43:36.275Z
sensor.ral1ch8035_grid_power,543.200012207031,2026-04-08T12:43:46.290Z
sensor.ral1ch8035_grid_power,543.700012207031,2026-04-08T12:43:56.295Z
sensor.ral1ch8035_grid_power,543.900024414062,2026-04-08T12:44:16.288Z
sensor.ral1ch8035_grid_power,544.5,2026-04-08T12:44:26.298Z
sensor.ral1ch8035_grid_power,543.0,2026-04-08T12:44:36.297Z
sensor.ral1ch8035_grid_power,538.700012207031,2026-04-08T12:44:46.295Z
sensor.ral1ch8035_grid_power,538.799987792969,2026-04-08T12:44:56.287Z
sensor.ral1ch8035_grid_power,542.0,2026-04-08T12:45:06.316Z
sensor.ral1ch8035_grid_power,545.600036621094,2026-04-08T12:45:16.306Z
sensor.ral1ch8035_grid_power,538.299987792969,2026-04-08T12:45:26.298Z
sensor.ral1ch8035_grid_power,537.600036621094,2026-04-08T12:45:36.315Z
sensor.ral1ch8035_grid_power,538.100036621094,2026-04-08T12:45:46.309Z
sensor.ral1ch8035_grid_power,539.299987792969,2026-04-08T12:45:56.298Z
sensor.ral1ch8035_grid_power,534.799987792969,2026-04-08T12:46:06.286Z
sensor.ral1ch8035_grid_power,541.0,2026-04-08T12:46:16.287Z
sensor.ral1ch8035_grid_power,542.600036621094,2026-04-08T12:46:26.279Z
sensor.ral1ch8035_grid_power,543.0,2026-04-08T12:46:36.296Z
sensor.ral1ch8035_grid_power,544.200012207031,2026-04-08T12:46:46.310Z
sensor.ral1ch8035_grid_power,545.900024414062,2026-04-08T12:46:56.297Z
sensor.ral1ch8035_grid_power,544.299987792969,2026-04-08T12:47:16.296Z
sensor.ral1ch8035_grid_power,543.200012207031,2026-04-08T12:47:26.293Z
sensor.ral1ch8035_grid_power,542.0,2026-04-08T12:47:36.307Z
sensor.ral1ch8035_grid_power,541.299987792969,2026-04-08T12:47:46.280Z
sensor.ral1ch8035_grid_power,545.299987792969,2026-04-08T12:47:56.295Z
sensor.ral1ch8035_grid_power,540.900024414062,2026-04-08T12:48:16.306Z
sensor.ral1ch8035_grid_power,542.700012207031,2026-04-08T12:48:26.291Z
sensor.ral1ch8035_grid_power,541.400024414062,2026-04-08T12:48:36.305Z
sensor.ral1ch8035_grid_power,540.200012207031,2026-04-08T12:48:46.309Z
sensor.ral1ch8035_grid_power,544.200012207031,2026-04-08T12:48:56.294Z
sensor.ral1ch8035_grid_power,543.799987792969,2026-04-08T12:49:06.300Z
sensor.ral1ch8035_grid_power,541.200012207031,2026-04-08T12:49:16.296Z
sensor.ral1ch8035_grid_power,543.200012207031,2026-04-08T12:49:26.317Z
sensor.ral1ch8035_grid_power,541.400024414062,2026-04-08T12:49:36.310Z
sensor.ral1ch8035_grid_power,543.400024414062,2026-04-08T12:49:46.288Z
sensor.ral1ch8035_grid_power,540.700012207031,2026-04-08T12:49:56.302Z
sensor.ral1ch8035_grid_power,541.799987792969,2026-04-08T12:50:06.297Z
sensor.ral1ch8035_grid_power,537.799987792969,2026-04-08T12:50:16.302Z
sensor.ral1ch8035_grid_power,540.400024414062,2026-04-08T12:50:26.306Z
sensor.ral1ch8035_grid_power,540.299987792969,2026-04-08T12:50:36.293Z
sensor.ral1ch8035_grid_power,538.100036621094,2026-04-08T12:50:56.320Z
sensor.ral1ch8035_grid_power,537.299987792969,2026-04-08T12:51:06.327Z
sensor.ral1ch8035_grid_power,538.0,2026-04-08T12:51:16.300Z
sensor.ral1ch8035_grid_power,540.799987792969,2026-04-08T12:51:26.303Z
sensor.ral1ch8035_grid_power,544.299987792969,2026-04-08T12:51:36.346Z
sensor.ral1ch8035_grid_power,541.100036621094,2026-04-08T12:51:46.326Z
sensor.ral1ch8035_grid_power,541.799987792969,2026-04-08T12:51:56.321Z
sensor.ral1ch8035_grid_power,543.700012207031,2026-04-08T12:52:06.330Z
sensor.ral1ch8035_grid_power,543.5,2026-04-08T12:52:16.311Z
sensor.ral1ch8035_grid_power,538.0,2026-04-08T12:52:26.315Z
sensor.ral1ch8035_grid_power,541.299987792969,2026-04-08T12:52:36.333Z
sensor.ral1ch8035_grid_power,538.299987792969,2026-04-08T12:52:46.325Z
sensor.ral1ch8035_grid_power,535.700012207031,2026-04-08T12:52:56.327Z
sensor.ral1ch8035_grid_power,537.5,2026-04-08T12:53:06.360Z
sensor.ral1ch8035_grid_power,542.400024414062,2026-04-08T12:53:16.332Z
sensor.ral1ch8035_grid_power,540.100036621094,2026-04-08T12:53:26.341Z
sensor.ral1ch8035_grid_power,537.600036621094,2026-04-08T12:53:36.345Z
sensor.ral1ch8035_grid_power,541.700012207031,2026-04-08T12:53:46.345Z
sensor.ral1ch8035_grid_power,541.200012207031,2026-04-08T12:53:56.345Z
sensor.ral1ch8035_grid_power,543.700012207031,2026-04-08T12:54:06.332Z
sensor.ral1ch8035_grid_power,540.200012207031,2026-04-08T12:54:16.334Z
sensor.ral1ch8035_grid_power,536.200012207031,2026-04-08T12:54:26.336Z
sensor.ral1ch8035_grid_power,1443.5,2026-04-08T12:54:46.349Z
sensor.ral1ch8035_grid_power,1734.0,2026-04-08T12:54:56.357Z
sensor.ral1ch8035_grid_power,1998.30004882812,2026-04-08T12:55:06.383Z
sensor.ral1ch8035_grid_power,2044.80004882812,2026-04-08T12:55:16.365Z
sensor.ral1ch8035_grid_power,2091.80004882812,2026-04-08T12:55:26.344Z
sensor.ral1ch8035_grid_power,2153.80004882812,2026-04-08T12:55:36.348Z
sensor.ral1ch8035_grid_power,2059.19995117188,2026-04-08T12:55:46.363Z
sensor.ral1ch8035_grid_power,2094.10009765625,2026-04-08T12:55:56.339Z
sensor.ral1ch8035_grid_power,2142.40014648438,2026-04-08T12:56:06.376Z
sensor.ral1ch8035_grid_power,837.5,2026-04-08T12:56:16.361Z
sensor.ral1ch8035_grid_power,205.5,2026-04-08T12:56:26.328Z
sensor.ral1ch8035_grid_power,2.29999995231628,2026-04-08T12:56:36.349Z
sensor.ral1ch8035_grid_power,3.90000009536743,2026-04-08T12:56:46.364Z
sensor.ral1ch8035_grid_power,2.70000004768372,2026-04-08T12:56:56.360Z
sensor.ral1ch8035_grid_power,174.0,2026-04-08T12:57:06.349Z
sensor.ral1ch8035_grid_power,175.800003051758,2026-04-08T12:57:16.373Z
sensor.ral1ch8035_grid_power,179.900009155273,2026-04-08T12:57:26.350Z
sensor.ral1ch8035_grid_power,178.100006103516,2026-04-08T12:57:46.354Z
sensor.ral1ch8035_grid_power,181.0,2026-04-08T12:57:56.347Z
sensor.ral1ch8035_grid_power,181.199996948242,2026-04-08T12:58:06.350Z
sensor.ral1ch8035_grid_power,178.600006103516,2026-04-08T12:58:16.339Z
sensor.ral1ch8035_grid_power,178.0,2026-04-08T12:58:26.344Z
sensor.ral1ch8035_grid_power,179.900009155273,2026-04-08T12:58:36.361Z
sensor.ral1ch8035_grid_power,177.100006103516,2026-04-08T12:58:46.351Z
sensor.ral1ch8035_grid_power,174.800003051758,2026-04-08T12:58:56.355Z
sensor.ral1ch8035_grid_power,174.199996948242,2026-04-08T12:59:06.354Z
sensor.ral1ch8035_grid_power,175.0,2026-04-08T12:59:16.371Z
sensor.ral1ch8035_grid_power,175.600006103516,2026-04-08T12:59:26.348Z
sensor.ral1ch8035_grid_power,174.800003051758,2026-04-08T12:59:36.363Z
sensor.ral1ch8035_grid_power,175.100006103516,2026-04-08T12:59:46.355Z
sensor.ral1ch8035_grid_power,175.0,2026-04-08T12:59:56.360Z
sensor.ral1ch8035_grid_power,941.5,2026-04-08T13:00:16.356Z
sensor.ral1ch8035_grid_power,1479.90002441406,2026-04-08T13:00:26.363Z
sensor.ral1ch8035_grid_power,1689.70007324219,2026-04-08T13:00:36.361Z
sensor.ral1ch8035_grid_power,1717.30004882812,2026-04-08T13:00:46.358Z
sensor.ral1ch8035_grid_power,1816.80004882812,2026-04-08T13:00:56.361Z
sensor.ral1ch8035_grid_power,1863.90002441406,2026-04-08T13:01:06.359Z
sensor.ral1ch8035_grid_power,1945.70007324219,2026-04-08T13:01:16.367Z
sensor.ral1ch8035_grid_power,1948.09997558594,2026-04-08T13:01:26.364Z
sensor.ral1ch8035_grid_power,1906.09997558594,2026-04-08T13:01:36.353Z
sensor.ral1ch8035_grid_power,1929.09997558594,2026-04-08T13:01:46.367Z
sensor.ral1ch8035_grid_power,1966.90002441406,2026-04-08T13:01:56.366Z
sensor.ral1ch8035_grid_power,1962.20007324219,2026-04-08T13:02:06.372Z
sensor.ral1ch8035_grid_power,1946.20007324219,2026-04-08T13:02:16.373Z
sensor.ral1ch8035_grid_power,1930.59997558594,2026-04-08T13:02:26.380Z
sensor.ral1ch8035_grid_power,1893.40002441406,2026-04-08T13:02:36.378Z
sensor.ral1ch8035_grid_power,1895.0,2026-04-08T13:02:46.410Z
sensor.ral1ch8035_grid_power,1929.5,2026-04-08T13:02:56.396Z
sensor.ral1ch8035_grid_power,1916.30004882812,2026-04-08T13:03:06.388Z
sensor.ral1ch8035_grid_power,1929.90002441406,2026-04-08T13:03:16.380Z
sensor.ral1ch8035_grid_power,1896.30004882812,2026-04-08T13:03:26.398Z
sensor.ral1ch8035_grid_power,1859.80004882812,2026-04-08T13:03:36.382Z
sensor.ral1ch8035_grid_power,1887.09997558594,2026-04-08T13:03:46.395Z
sensor.ral1ch8035_grid_power,1912.20007324219,2026-04-08T13:03:56.395Z
sensor.ral1ch8035_grid_power,1926.59997558594,2026-04-08T13:04:06.401Z
sensor.ral1ch8035_grid_power,1891.90002441406,2026-04-08T13:04:16.431Z
sensor.ral1ch8035_grid_power,1927.09997558594,2026-04-08T13:04:26.403Z
sensor.ral1ch8035_grid_power,1956.0,2026-04-08T13:04:36.410Z
sensor.ral1ch8035_grid_power,1977.70007324219,2026-04-08T13:04:46.401Z
sensor.ral1ch8035_grid_power,1984.5,2026-04-08T13:04:56.416Z
sensor.qnb2827044_grid_power,848.900024414062,2026-04-08T10:55:00.000Z
sensor.qnb2827044_grid_power,858.5,2026-04-08T10:55:02.657Z
sensor.qnb2827044_grid_power,876.0,2026-04-08T10:55:12.741Z
sensor.qnb2827044_grid_power,886.400024414062,2026-04-08T10:55:22.661Z
sensor.qnb2827044_grid_power,896.600036621094,2026-04-08T10:55:32.673Z
sensor.qnb2827044_grid_power,897.600036621094,2026-04-08T10:55:42.667Z
sensor.qnb2827044_grid_power,881.600036621094,2026-04-08T10:55:52.661Z
sensor.qnb2827044_grid_power,868.700012207031,2026-04-08T10:56:02.670Z
sensor.qnb2827044_grid_power,864.700012207031,2026-04-08T10:56:12.734Z
sensor.qnb2827044_grid_power,866.400024414062,2026-04-08T10:56:22.655Z
sensor.qnb2827044_grid_power,859.100036621094,2026-04-08T10:56:32.670Z
sensor.qnb2827044_grid_power,865.299987792969,2026-04-08T10:56:42.682Z
sensor.qnb2827044_grid_power,877.400024414062,2026-04-08T10:56:52.665Z
sensor.qnb2827044_grid_power,884.600036621094,2026-04-08T10:57:02.693Z
sensor.qnb2827044_grid_power,884.799987792969,2026-04-08T10:57:12.656Z
sensor.qnb2827044_grid_power,883.600036621094,2026-04-08T10:57:22.682Z
sensor.qnb2827044_grid_power,887.900024414062,2026-04-08T10:57:32.679Z
sensor.qnb2827044_grid_power,892.200012207031,2026-04-08T10:57:42.661Z
sensor.qnb2827044_grid_power,896.200012207031,2026-04-08T10:57:52.678Z
sensor.qnb2827044_grid_power,898.900024414062,2026-04-08T10:58:02.689Z
sensor.qnb2827044_grid_power,900.600036621094,2026-04-08T10:58:12.768Z
sensor.qnb2827044_grid_power,893.799987792969,2026-04-08T10:58:22.689Z
sensor.qnb2827044_grid_power,889.900024414062,2026-04-08T10:58:32.684Z
sensor.qnb2827044_grid_power,891.100036621094,2026-04-08T10:58:42.687Z
sensor.qnb2827044_grid_power,892.0,2026-04-08T10:58:52.691Z
sensor.qnb2827044_grid_power,897.700012207031,2026-04-08T10:59:02.686Z
sensor.qnb2827044_grid_power,897.100036621094,2026-04-08T10:59:12.759Z
sensor.qnb2827044_grid_power,896.700012207031,2026-04-08T10:59:22.676Z
sensor.qnb2827044_grid_power,908.5,2026-04-08T10:59:32.691Z
sensor.qnb2827044_grid_power,896.299987792969,2026-04-08T10:59:42.699Z
sensor.qnb2827044_grid_power,891.600036621094,2026-04-08T10:59:52.689Z
sensor.qnb2827044_grid_power,886.5,2026-04-08T11:00:02.694Z
sensor.qnb2827044_grid_power,893.600036621094,2026-04-08T11:00:12.778Z
sensor.qnb2827044_grid_power,890.700012207031,2026-04-08T11:00:22.702Z
sensor.qnb2827044_grid_power,157.800003051758,2026-04-08T11:00:32.723Z
sensor.qnb2827044_grid_power,0.0,2026-04-08T11:00:42.696Z
sensor.qnb2827044_grid_power,9.5,2026-04-08T11:00:52.713Z
sensor.qnb2827044_grid_power,21.5,2026-04-08T11:01:02.703Z
sensor.qnb2827044_grid_power,93.0999984741211,2026-04-08T11:01:12.781Z
sensor.qnb2827044_grid_power,164.699996948242,2026-04-08T11:01:22.707Z
sensor.qnb2827044_grid_power,285.200012207031,2026-04-08T11:01:32.709Z
sensor.qnb2827044_grid_power,279.0,2026-04-08T11:01:42.717Z
sensor.qnb2827044_grid_power,285.800018310547,2026-04-08T11:01:52.707Z
sensor.qnb2827044_grid_power,268.300018310547,2026-04-08T11:02:02.705Z
sensor.qnb2827044_grid_power,264.5,2026-04-08T11:02:12.715Z
sensor.qnb2827044_grid_power,265.200012207031,2026-04-08T11:02:22.703Z
sensor.qnb2827044_grid_power,259.300018310547,2026-04-08T11:02:32.699Z
sensor.qnb2827044_grid_power,252.699996948242,2026-04-08T11:02:42.717Z
sensor.qnb2827044_grid_power,251.699996948242,2026-04-08T11:02:52.709Z
sensor.qnb2827044_grid_power,270.5,2026-04-08T11:03:02.725Z
sensor.qnb2827044_grid_power,273.300018310547,2026-04-08T11:03:12.801Z
sensor.qnb2827044_grid_power,270.700012207031,2026-04-08T11:03:22.717Z
sensor.qnb2827044_grid_power,288.800018310547,2026-04-08T11:03:32.711Z
sensor.qnb2827044_grid_power,276.399993896484,2026-04-08T11:03:42.717Z
sensor.qnb2827044_grid_power,272.600006103516,2026-04-08T11:03:52.711Z
sensor.qnb2827044_grid_power,277.300018310547,2026-04-08T11:04:02.712Z
sensor.qnb2827044_grid_power,284.100006103516,2026-04-08T11:04:12.735Z
sensor.qnb2827044_grid_power,288.5,2026-04-08T11:04:22.721Z
sensor.qnb2827044_grid_power,286.600006103516,2026-04-08T11:04:32.714Z
sensor.qnb2827044_grid_power,279.0,2026-04-08T11:04:42.729Z
sensor.qnb2827044_grid_power,287.100006103516,2026-04-08T11:04:52.726Z
sensor.qnb2827044_grid_power,271.100006103516,2026-04-08T11:05:02.732Z
sensor.qnb2827044_grid_power,274.100006103516,2026-04-08T11:05:12.803Z
sensor.qnb2827044_grid_power,270.0,2026-04-08T11:05:22.718Z
sensor.qnb2827044_grid_power,231.400009155273,2026-04-08T11:05:32.740Z
sensor.qnb2827044_grid_power,234.699996948242,2026-04-08T11:05:42.741Z
sensor.qnb2827044_grid_power,233.900009155273,2026-04-08T11:05:52.741Z
sensor.qnb2827044_grid_power,248.100006103516,2026-04-08T11:06:02.746Z
sensor.qnb2827044_grid_power,233.300003051758,2026-04-08T11:06:12.802Z
sensor.qnb2827044_grid_power,247.900009155273,2026-04-08T11:06:22.734Z
sensor.qnb2827044_grid_power,278.300018310547,2026-04-08T11:06:32.746Z
sensor.qnb2827044_grid_power,274.0,2026-04-08T11:06:42.761Z
sensor.qnb2827044_grid_power,279.600006103516,2026-04-08T11:06:52.778Z
sensor.qnb2827044_grid_power,277.300018310547,2026-04-08T11:07:02.750Z
sensor.qnb2827044_grid_power,287.200012207031,2026-04-08T11:07:12.808Z
sensor.qnb2827044_grid_power,286.300018310547,2026-04-08T11:07:22.734Z
sensor.qnb2827044_grid_power,281.100006103516,2026-04-08T11:07:32.749Z
sensor.qnb2827044_grid_power,272.300018310547,2026-04-08T11:07:42.759Z
sensor.qnb2827044_grid_power,281.700012207031,2026-04-08T11:07:52.756Z
sensor.qnb2827044_grid_power,293.100006103516,2026-04-08T11:08:02.766Z
sensor.qnb2827044_grid_power,311.700012207031,2026-04-08T11:08:12.817Z
sensor.qnb2827044_grid_power,301.700012207031,2026-04-08T11:08:22.764Z
sensor.qnb2827044_grid_power,288.600006103516,2026-04-08T11:08:32.759Z
sensor.qnb2827044_grid_power,304.300018310547,2026-04-08T11:08:42.771Z
sensor.qnb2827044_grid_power,308.0,2026-04-08T11:08:52.761Z
sensor.qnb2827044_grid_power,282.800018310547,2026-04-08T11:09:02.770Z
sensor.qnb2827044_grid_power,287.0,2026-04-08T11:09:12.817Z
sensor.qnb2827044_grid_power,289.800018310547,2026-04-08T11:09:22.761Z
sensor.qnb2827044_grid_power,275.300018310547,2026-04-08T11:09:32.769Z
sensor.qnb2827044_grid_power,278.399993896484,2026-04-08T11:09:42.773Z
sensor.qnb2827044_grid_power,294.800018310547,2026-04-08T11:10:02.784Z
sensor.qnb2827044_grid_power,309.700012207031,2026-04-08T11:10:12.825Z
sensor.qnb2827044_grid_power,311.600006103516,2026-04-08T11:10:22.756Z
sensor.qnb2827044_grid_power,324.0,2026-04-08T11:10:32.775Z
sensor.qnb2827044_grid_power,317.100006103516,2026-04-08T11:10:42.785Z
sensor.qnb2827044_grid_power,309.800018310547,2026-04-08T11:10:52.784Z
sensor.qnb2827044_grid_power,309.200012207031,2026-04-08T11:11:02.761Z
sensor.qnb2827044_grid_power,303.300018310547,2026-04-08T11:11:12.833Z
sensor.qnb2827044_grid_power,313.100006103516,2026-04-08T11:11:22.805Z
sensor.qnb2827044_grid_power,286.399993896484,2026-04-08T11:11:32.788Z
sensor.qnb2827044_grid_power,283.600006103516,2026-04-08T11:11:42.786Z
sensor.qnb2827044_grid_power,288.600006103516,2026-04-08T11:11:52.776Z
sensor.qnb2827044_grid_power,261.800018310547,2026-04-08T11:12:02.788Z
sensor.qnb2827044_grid_power,263.800018310547,2026-04-08T11:12:12.804Z
sensor.qnb2827044_grid_power,268.200012207031,2026-04-08T11:12:22.777Z
sensor.qnb2827044_grid_power,289.399993896484,2026-04-08T11:12:32.782Z
sensor.qnb2827044_grid_power,298.800018310547,2026-04-08T11:12:42.796Z
sensor.qnb2827044_grid_power,300.399993896484,2026-04-08T11:12:52.782Z
sensor.qnb2827044_grid_power,290.800018310547,2026-04-08T11:13:02.784Z
sensor.qnb2827044_grid_power,287.899993896484,2026-04-08T11:13:12.849Z
sensor.qnb2827044_grid_power,296.0,2026-04-08T11:13:22.797Z
sensor.qnb2827044_grid_power,314.300018310547,2026-04-08T11:13:32.804Z
sensor.qnb2827044_grid_power,312.300018310547,2026-04-08T11:13:42.798Z
sensor.qnb2827044_grid_power,310.600006103516,2026-04-08T11:13:52.783Z
sensor.qnb2827044_grid_power,335.200012207031,2026-04-08T11:14:02.794Z
sensor.qnb2827044_grid_power,339.100006103516,2026-04-08T11:14:12.783Z
sensor.qnb2827044_grid_power,333.600006103516,2026-04-08T11:14:22.800Z
sensor.qnb2827044_grid_power,325.800018310547,2026-04-08T11:14:32.805Z
sensor.qnb2827044_grid_power,334.5,2026-04-08T11:14:42.782Z
sensor.qnb2827044_grid_power,332.399993896484,2026-04-08T11:14:52.793Z
sensor.qnb2827044_grid_power,346.899993896484,2026-04-08T11:15:02.787Z
sensor.qnb2827044_grid_power,346.0,2026-04-08T11:15:12.936Z
sensor.qnb2827044_grid_power,345.100006103516,2026-04-08T11:15:22.793Z
sensor.qnb2827044_grid_power,292.5,2026-04-08T11:15:32.798Z
sensor.qnb2827044_grid_power,291.100006103516,2026-04-08T11:15:42.802Z
sensor.qnb2827044_grid_power,299.800018310547,2026-04-08T11:15:52.785Z
sensor.qnb2827044_grid_power,317.200012207031,2026-04-08T11:16:02.796Z
sensor.qnb2827044_grid_power,314.800018310547,2026-04-08T11:16:12.799Z
sensor.qnb2827044_grid_power,320.800018310547,2026-04-08T11:16:22.801Z
sensor.qnb2827044_grid_power,318.899993896484,2026-04-08T11:16:32.785Z
sensor.qnb2827044_grid_power,320.600006103516,2026-04-08T11:16:42.830Z
sensor.qnb2827044_grid_power,319.600006103516,2026-04-08T11:16:52.809Z
sensor.qnb2827044_grid_power,322.0,2026-04-08T11:17:02.801Z
sensor.qnb2827044_grid_power,317.700012207031,2026-04-08T11:17:12.801Z
sensor.qnb2827044_grid_power,315.399993896484,2026-04-08T11:17:22.802Z
sensor.qnb2827044_grid_power,313.899993896484,2026-04-08T11:17:32.809Z
sensor.qnb2827044_grid_power,321.399993896484,2026-04-08T11:17:42.816Z
sensor.qnb2827044_grid_power,313.0,2026-04-08T11:17:52.805Z
sensor.qnb2827044_grid_power,317.300018310547,2026-04-08T11:18:02.798Z
sensor.qnb2827044_grid_power,318.100006103516,2026-04-08T11:18:12.803Z
sensor.qnb2827044_grid_power,325.899993896484,2026-04-08T11:18:22.807Z
sensor.qnb2827044_grid_power,309.399993896484,2026-04-08T11:18:32.810Z
sensor.qnb2827044_grid_power,308.0,2026-04-08T11:18:42.807Z
sensor.qnb2827044_grid_power,300.5,2026-04-08T11:18:52.813Z
sensor.qnb2827044_grid_power,319.399993896484,2026-04-08T11:19:02.815Z
sensor.qnb2827044_grid_power,324.899993896484,2026-04-08T11:19:12.818Z
sensor.qnb2827044_grid_power,323.899993896484,2026-04-08T11:19:22.801Z
sensor.qnb2827044_grid_power,298.0,2026-04-08T11:19:32.818Z
sensor.qnb2827044_grid_power,296.600006103516,2026-04-08T11:19:42.821Z
sensor.qnb2827044_grid_power,304.899993896484,2026-04-08T11:19:52.824Z
sensor.qnb2827044_grid_power,308.5,2026-04-08T11:20:02.827Z
sensor.qnb2827044_grid_power,302.200012207031,2026-04-08T11:20:12.836Z
sensor.qnb2827044_grid_power,306.800018310547,2026-04-08T11:20:22.837Z
sensor.qnb2827044_grid_power,337.700012207031,2026-04-08T11:20:32.838Z
sensor.qnb2827044_grid_power,325.899993896484,2026-04-08T11:20:42.840Z
sensor.qnb2827044_grid_power,330.300018310547,2026-04-08T11:21:02.840Z
sensor.qnb2827044_grid_power,320.5,2026-04-08T11:21:12.879Z
sensor.qnb2827044_grid_power,321.5,2026-04-08T11:21:22.849Z
sensor.qnb2827044_grid_power,307.5,2026-04-08T11:21:32.850Z
sensor.qnb2827044_grid_power,304.5,2026-04-08T11:21:42.847Z
sensor.qnb2827044_grid_power,294.600006103516,2026-04-08T11:21:52.849Z
sensor.qnb2827044_grid_power,304.200012207031,2026-04-08T11:22:02.851Z
sensor.qnb2827044_grid_power,303.700012207031,2026-04-08T11:22:12.851Z
sensor.qnb2827044_grid_power,291.899993896484,2026-04-08T11:22:22.856Z
sensor.qnb2827044_grid_power,304.899993896484,2026-04-08T11:22:32.852Z
sensor.qnb2827044_grid_power,311.5,2026-04-08T11:22:42.855Z
sensor.qnb2827044_grid_power,305.399993896484,2026-04-08T11:22:52.860Z
sensor.qnb2827044_grid_power,328.800018310547,2026-04-08T11:23:02.859Z
sensor.qnb2827044_grid_power,326.300018310547,2026-04-08T11:23:12.893Z
sensor.qnb2827044_grid_power,322.800018310547,2026-04-08T11:23:22.861Z
sensor.qnb2827044_grid_power,339.700012207031,2026-04-08T11:23:32.860Z
sensor.qnb2827044_grid_power,331.100006103516,2026-04-08T11:23:42.866Z
sensor.qnb2827044_grid_power,337.0,2026-04-08T11:23:52.855Z
sensor.qnb2827044_grid_power,347.300018310547,2026-04-08T11:24:02.862Z
sensor.qnb2827044_grid_power,350.600006103516,2026-04-08T11:24:12.850Z
sensor.qnb2827044_grid_power,352.200012207031,2026-04-08T11:24:22.862Z
sensor.qnb2827044_grid_power,361.200012207031,2026-04-08T11:24:32.854Z
sensor.qnb2827044_grid_power,368.100006103516,2026-04-08T11:24:42.871Z
sensor.qnb2827044_grid_power,368.300018310547,2026-04-08T11:24:52.870Z
sensor.qnb2827044_grid_power,400.0,2026-04-08T11:25:02.869Z
sensor.qnb2827044_grid_power,396.600006103516,2026-04-08T11:25:12.913Z
sensor.qnb2827044_grid_power,396.200012207031,2026-04-08T11:25:22.873Z
sensor.qnb2827044_grid_power,403.100006103516,2026-04-08T11:25:32.877Z
sensor.qnb2827044_grid_power,406.899993896484,2026-04-08T11:25:42.879Z
sensor.qnb2827044_grid_power,405.800018310547,2026-04-08T11:25:52.881Z
sensor.qnb2827044_grid_power,351.100006103516,2026-04-08T11:26:02.884Z
sensor.qnb2827044_grid_power,341.800018310547,2026-04-08T11:26:12.915Z
sensor.qnb2827044_grid_power,345.899993896484,2026-04-08T11:26:22.885Z
sensor.qnb2827044_grid_power,344.600006103516,2026-04-08T11:26:32.884Z
sensor.qnb2827044_grid_power,346.700012207031,2026-04-08T11:26:42.869Z
sensor.qnb2827044_grid_power,340.700012207031,2026-04-08T11:26:52.884Z
sensor.qnb2827044_grid_power,345.800018310547,2026-04-08T11:27:02.890Z
sensor.qnb2827044_grid_power,344.100006103516,2026-04-08T11:27:12.941Z
sensor.qnb2827044_grid_power,350.5,2026-04-08T11:27:22.900Z
sensor.qnb2827044_grid_power,357.399993896484,2026-04-08T11:27:32.895Z
sensor.qnb2827044_grid_power,357.899993896484,2026-04-08T11:27:42.895Z
sensor.qnb2827044_grid_power,357.300018310547,2026-04-08T11:27:52.893Z
sensor.qnb2827044_grid_power,370.600006103516,2026-04-08T11:28:02.897Z
sensor.qnb2827044_grid_power,379.600006103516,2026-04-08T11:28:12.980Z
sensor.qnb2827044_grid_power,378.300018310547,2026-04-08T11:28:22.899Z
sensor.qnb2827044_grid_power,393.800018310547,2026-04-08T11:28:32.904Z
sensor.qnb2827044_grid_power,396.600006103516,2026-04-08T11:28:42.902Z
sensor.qnb2827044_grid_power,400.5,2026-04-08T11:28:52.898Z
sensor.qnb2827044_grid_power,379.700012207031,2026-04-08T11:29:02.892Z
sensor.qnb2827044_grid_power,383.800018310547,2026-04-08T11:29:12.931Z
sensor.qnb2827044_grid_power,389.399993896484,2026-04-08T11:29:22.909Z
sensor.qnb2827044_grid_power,378.300018310547,2026-04-08T11:29:32.906Z
sensor.qnb2827044_grid_power,384.600006103516,2026-04-08T11:29:43.082Z
sensor.qnb2827044_grid_power,382.399993896484,2026-04-08T11:29:52.926Z
sensor.qnb2827044_grid_power,395.899993896484,2026-04-08T11:30:02.915Z
sensor.qnb2827044_grid_power,402.200012207031,2026-04-08T11:30:12.985Z
sensor.qnb2827044_grid_power,400.600006103516,2026-04-08T11:30:22.926Z
sensor.qnb2827044_grid_power,363.700012207031,2026-04-08T11:30:32.947Z
sensor.qnb2827044_grid_power,362.0,2026-04-08T11:30:42.935Z
sensor.qnb2827044_grid_power,368.700012207031,2026-04-08T11:30:52.926Z
sensor.qnb2827044_grid_power,360.600006103516,2026-04-08T11:31:02.911Z
sensor.qnb2827044_grid_power,356.700012207031,2026-04-08T11:31:12.996Z
sensor.qnb2827044_grid_power,359.399993896484,2026-04-08T11:31:22.932Z
sensor.qnb2827044_grid_power,362.200012207031,2026-04-08T11:31:32.920Z
sensor.qnb2827044_grid_power,353.100006103516,2026-04-08T11:31:42.943Z
sensor.qnb2827044_grid_power,351.800018310547,2026-04-08T11:31:52.940Z
sensor.qnb2827044_grid_power,358.100006103516,2026-04-08T11:32:02.944Z
sensor.qnb2827044_grid_power,350.5,2026-04-08T11:32:12.954Z
sensor.qnb2827044_grid_power,353.5,2026-04-08T11:32:22.944Z
sensor.qnb2827044_grid_power,368.700012207031,2026-04-08T11:32:32.953Z
sensor.qnb2827044_grid_power,367.300018310547,2026-04-08T11:32:42.960Z
sensor.qnb2827044_grid_power,368.100006103516,2026-04-08T11:32:52.941Z
sensor.qnb2827044_grid_power,331.200012207031,2026-04-08T11:33:02.966Z
sensor.qnb2827044_grid_power,339.300018310547,2026-04-08T11:33:13.128Z
sensor.qnb2827044_grid_power,336.5,2026-04-08T11:33:22.945Z
sensor.qnb2827044_grid_power,334.200012207031,2026-04-08T11:33:32.948Z
sensor.qnb2827044_grid_power,339.600006103516,2026-04-08T11:33:42.934Z
sensor.qnb2827044_grid_power,335.899993896484,2026-04-08T11:33:52.951Z
sensor.qnb2827044_grid_power,356.0,2026-04-08T11:34:02.958Z
sensor.qnb2827044_grid_power,350.600006103516,2026-04-08T11:34:13.009Z
sensor.qnb2827044_grid_power,348.100006103516,2026-04-08T11:34:22.957Z
sensor.qnb2827044_grid_power,361.300018310547,2026-04-08T11:34:32.949Z
sensor.qnb2827044_grid_power,355.899993896484,2026-04-08T11:34:42.970Z
sensor.qnb2827044_grid_power,346.5,2026-04-08T11:34:53.051Z
sensor.qnb2827044_grid_power,358.0,2026-04-08T11:35:02.966Z
sensor.qnb2827044_grid_power,342.800018310547,2026-04-08T11:35:12.962Z
sensor.qnb2827044_grid_power,361.5,2026-04-08T11:35:22.963Z
sensor.qnb2827044_grid_power,371.700012207031,2026-04-08T11:35:32.964Z
sensor.qnb2827044_grid_power,370.399993896484,2026-04-08T11:35:43.138Z
sensor.qnb2827044_grid_power,369.700012207031,2026-04-08T11:35:52.963Z
sensor.qnb2827044_grid_power,399.899993896484,2026-04-08T11:36:02.965Z
sensor.qnb2827044_grid_power,398.200012207031,2026-04-08T11:36:12.966Z
sensor.qnb2827044_grid_power,390.700012207031,2026-04-08T11:36:22.967Z
sensor.qnb2827044_grid_power,400.300018310547,2026-04-08T11:36:32.964Z
sensor.qnb2827044_grid_power,397.800018310547,2026-04-08T11:36:42.969Z
sensor.qnb2827044_grid_power,398.899993896484,2026-04-08T11:36:52.973Z
sensor.qnb2827044_grid_power,405.300018310547,2026-04-08T11:37:03.069Z
sensor.qnb2827044_grid_power,408.300018310547,2026-04-08T11:37:12.979Z
sensor.qnb2827044_grid_power,400.399993896484,2026-04-08T11:37:22.971Z
sensor.qnb2827044_grid_power,410.100006103516,2026-04-08T11:37:32.972Z
sensor.qnb2827044_grid_power,409.600006103516,2026-04-08T11:37:42.981Z
sensor.qnb2827044_grid_power,412.899993896484,2026-04-08T11:37:52.979Z
sensor.qnb2827044_grid_power,411.399993896484,2026-04-08T11:38:02.980Z
sensor.qnb2827044_grid_power,422.300018310547,2026-04-08T11:38:12.981Z
sensor.qnb2827044_grid_power,415.600006103516,2026-04-08T11:38:22.984Z
sensor.qnb2827044_grid_power,422.200012207031,2026-04-08T11:38:32.979Z
sensor.qnb2827044_grid_power,419.800018310547,2026-04-08T11:38:42.987Z
sensor.qnb2827044_grid_power,418.899993896484,2026-04-08T11:38:52.983Z
sensor.qnb2827044_grid_power,409.200012207031,2026-04-08T11:39:02.986Z
sensor.qnb2827044_grid_power,406.800018310547,2026-04-08T11:39:12.990Z
sensor.qnb2827044_grid_power,414.200012207031,2026-04-08T11:39:22.995Z
sensor.qnb2827044_grid_power,427.5,2026-04-08T11:39:33.260Z
sensor.qnb2827044_grid_power,429.899993896484,2026-04-08T11:39:43.002Z
sensor.qnb2827044_grid_power,429.0,2026-04-08T11:39:53.245Z
sensor.qnb2827044_grid_power,448.399993896484,2026-04-08T11:40:02.990Z
sensor.qnb2827044_grid_power,446.600006103516,2026-04-08T11:40:12.995Z
sensor.qnb2827044_grid_power,452.800018310547,2026-04-08T11:40:22.989Z
sensor.qnb2827044_grid_power,423.700012207031,2026-04-08T11:40:33.000Z
sensor.qnb2827044_grid_power,420.100006103516,2026-04-08T11:40:42.992Z
sensor.qnb2827044_grid_power,415.899993896484,2026-04-08T11:40:52.997Z
sensor.qnb2827044_grid_power,388.200012207031,2026-04-08T11:41:02.991Z
sensor.qnb2827044_grid_power,385.899993896484,2026-04-08T11:41:12.991Z
sensor.qnb2827044_grid_power,383.0,2026-04-08T11:41:22.977Z
sensor.qnb2827044_grid_power,382.899993896484,2026-04-08T11:41:32.996Z
sensor.qnb2827044_grid_power,392.399993896484,2026-04-08T11:41:42.997Z
sensor.qnb2827044_grid_power,382.0,2026-04-08T11:41:53.012Z
sensor.qnb2827044_grid_power,383.899993896484,2026-04-08T11:42:03.007Z
sensor.qnb2827044_grid_power,382.300018310547,2026-04-08T11:42:13.012Z
sensor.qnb2827044_grid_power,384.300018310547,2026-04-08T11:42:23.025Z
sensor.qnb2827044_grid_power,387.399993896484,2026-04-08T11:42:33.028Z
sensor.qnb2827044_grid_power,392.899993896484,2026-04-08T11:42:43.023Z
sensor.qnb2827044_grid_power,386.700012207031,2026-04-08T11:42:53.020Z
sensor.qnb2827044_grid_power,389.399993896484,2026-04-08T11:43:03.019Z
sensor.qnb2827044_grid_power,392.200012207031,2026-04-08T11:43:13.004Z
sensor.qnb2827044_grid_power,382.100006103516,2026-04-08T11:43:23.023Z
sensor.qnb2827044_grid_power,367.399993896484,2026-04-08T11:43:33.014Z
sensor.qnb2827044_grid_power,361.800018310547,2026-04-08T11:43:43.018Z
sensor.qnb2827044_grid_power,362.700012207031,2026-04-08T11:43:53.017Z
sensor.qnb2827044_grid_power,293.5,2026-04-08T11:44:03.016Z
sensor.qnb2827044_grid_power,294.800018310547,2026-04-08T11:44:13.004Z
sensor.qnb2827044_grid_power,291.200012207031,2026-04-08T11:44:23.027Z
sensor.qnb2827044_grid_power,282.800018310547,2026-04-08T11:44:33.024Z
sensor.qnb2827044_grid_power,283.399993896484,2026-04-08T11:44:43.029Z
sensor.qnb2827044_grid_power,279.899993896484,2026-04-08T11:44:53.007Z
sensor.qnb2827044_grid_power,288.700012207031,2026-04-08T11:45:03.027Z
sensor.qnb2827044_grid_power,289.0,2026-04-08T11:45:13.037Z
sensor.qnb2827044_grid_power,275.5,2026-04-08T11:45:23.018Z
sensor.qnb2827044_grid_power,282.600006103516,2026-04-08T11:45:33.028Z
sensor.qnb2827044_grid_power,283.899993896484,2026-04-08T11:45:43.044Z
sensor.qnb2827044_grid_power,281.0,2026-04-08T11:45:53.026Z
sensor.qnb2827044_grid_power,281.399993896484,2026-04-08T11:46:03.037Z
sensor.qnb2827044_grid_power,289.800018310547,2026-04-08T11:46:13.032Z
sensor.qnb2827044_grid_power,278.600006103516,2026-04-08T11:46:23.041Z
sensor.qnb2827044_grid_power,266.600006103516,2026-04-08T11:46:33.044Z
sensor.qnb2827044_grid_power,268.100006103516,2026-04-08T11:46:43.042Z
sensor.qnb2827044_grid_power,264.0,2026-04-08T11:46:53.041Z
sensor.qnb2827044_grid_power,226.900009155273,2026-04-08T11:47:03.050Z
sensor.qnb2827044_grid_power,239.400009155273,2026-04-08T11:47:13.047Z
sensor.qnb2827044_grid_power,232.600006103516,2026-04-08T11:47:23.044Z
sensor.qnb2827044_grid_power,235.600006103516,2026-04-08T11:47:33.062Z
sensor.qnb2827044_grid_power,235.5,2026-04-08T11:47:53.059Z
sensor.qnb2827044_grid_power,234.100006103516,2026-04-08T11:48:03.063Z
sensor.qnb2827044_grid_power,233.900009155273,2026-04-08T11:48:13.113Z
sensor.qnb2827044_grid_power,240.0,2026-04-08T11:48:23.066Z
sensor.qnb2827044_grid_power,220.800003051758,2026-04-08T11:48:33.063Z
sensor.qnb2827044_grid_power,237.199996948242,2026-04-08T11:48:43.075Z
sensor.qnb2827044_grid_power,234.199996948242,2026-04-08T11:48:53.070Z
sensor.qnb2827044_grid_power,228.600006103516,2026-04-08T11:49:03.104Z
sensor.qnb2827044_grid_power,226.699996948242,2026-04-08T11:49:13.169Z
sensor.qnb2827044_grid_power,231.900009155273,2026-04-08T11:49:23.080Z
sensor.qnb2827044_grid_power,238.600006103516,2026-04-08T11:49:43.075Z
sensor.qnb2827044_grid_power,231.199996948242,2026-04-08T11:49:53.077Z
sensor.qnb2827044_grid_power,238.300003051758,2026-04-08T11:50:03.083Z
sensor.qnb2827044_grid_power,235.900009155273,2026-04-08T11:50:13.134Z
sensor.qnb2827044_grid_power,225.699996948242,2026-04-08T11:50:23.091Z
sensor.qnb2827044_grid_power,236.900009155273,2026-04-08T11:50:33.084Z
sensor.qnb2827044_grid_power,239.800003051758,2026-04-08T11:50:43.087Z
sensor.qnb2827044_grid_power,228.199996948242,2026-04-08T11:50:53.092Z
sensor.qnb2827044_grid_power,241.699996948242,2026-04-08T11:51:03.092Z
sensor.qnb2827044_grid_power,231.400009155273,2026-04-08T11:51:13.077Z
sensor.qnb2827044_grid_power,234.5,2026-04-08T11:51:23.082Z
sensor.qnb2827044_grid_power,237.0,2026-04-08T11:51:33.098Z
sensor.qnb2827044_grid_power,234.699996948242,2026-04-08T11:51:43.097Z
sensor.qnb2827044_grid_power,235.900009155273,2026-04-08T11:51:53.098Z
sensor.qnb2827044_grid_power,236.900009155273,2026-04-08T11:52:03.109Z
sensor.qnb2827044_grid_power,226.400009155273,2026-04-08T11:52:13.149Z
sensor.qnb2827044_grid_power,235.300003051758,2026-04-08T11:52:23.112Z
sensor.qnb2827044_grid_power,219.800003051758,2026-04-08T11:52:33.114Z
sensor.qnb2827044_grid_power,225.400009155273,2026-04-08T11:52:43.113Z
sensor.qnb2827044_grid_power,223.900009155273,2026-04-08T11:52:53.185Z
sensor.qnb2827044_grid_power,225.699996948242,2026-04-08T11:53:03.110Z
sensor.qnb2827044_grid_power,218.600006103516,2026-04-08T11:53:13.174Z
sensor.qnb2827044_grid_power,227.0,2026-04-08T11:53:23.133Z
sensor.qnb2827044_grid_power,223.400009155273,2026-04-08T11:53:33.119Z
sensor.qnb2827044_grid_power,204.0,2026-04-08T11:53:43.128Z
sensor.qnb2827044_grid_power,221.600006103516,2026-04-08T11:53:53.153Z
sensor.qnb2827044_grid_power,217.100006103516,2026-04-08T11:54:03.149Z
sensor.qnb2827044_grid_power,226.900009155273,2026-04-08T11:54:13.175Z
sensor.qnb2827044_grid_power,210.699996948242,2026-04-08T11:54:23.140Z
sensor.qnb2827044_grid_power,224.0,2026-04-08T11:54:33.145Z
sensor.qnb2827044_grid_power,225.900009155273,2026-04-08T11:54:43.136Z
sensor.qnb2827044_grid_power,214.100006103516,2026-04-08T11:54:53.135Z
sensor.qnb2827044_grid_power,231.0,2026-04-08T11:55:03.136Z
sensor.qnb2827044_grid_power,219.400009155273,2026-04-08T11:55:13.164Z
sensor.qnb2827044_grid_power,225.400009155273,2026-04-08T11:55:23.148Z
sensor.qnb2827044_grid_power,241.800003051758,2026-04-08T11:55:33.145Z
sensor.qnb2827044_grid_power,236.5,2026-04-08T11:55:43.132Z
sensor.qnb2827044_grid_power,238.199996948242,2026-04-08T11:55:53.150Z
sensor.qnb2827044_grid_power,231.199996948242,2026-04-08T11:56:03.155Z
sensor.qnb2827044_grid_power,232.100006103516,2026-04-08T11:56:13.173Z
sensor.qnb2827044_grid_power,235.800003051758,2026-04-08T11:56:23.158Z
sensor.qnb2827044_grid_power,252.900009155273,2026-04-08T11:56:33.156Z
sensor.qnb2827044_grid_power,252.600006103516,2026-04-08T11:56:43.156Z
sensor.qnb2827044_grid_power,257.300018310547,2026-04-08T11:56:53.183Z
sensor.qnb2827044_grid_power,244.300003051758,2026-04-08T11:57:03.151Z
sensor.qnb2827044_grid_power,249.100006103516,2026-04-08T11:57:13.184Z
sensor.qnb2827044_grid_power,258.200012207031,2026-04-08T11:57:23.167Z
sensor.qnb2827044_grid_power,257.200012207031,2026-04-08T11:57:33.150Z
sensor.qnb2827044_grid_power,258.800018310547,2026-04-08T11:57:43.156Z
sensor.qnb2827044_grid_power,257.100006103516,2026-04-08T11:57:53.177Z
sensor.qnb2827044_grid_power,252.699996948242,2026-04-08T11:58:03.158Z
sensor.qnb2827044_grid_power,257.0,2026-04-08T11:58:13.191Z
sensor.qnb2827044_grid_power,247.300003051758,2026-04-08T11:58:23.162Z
sensor.qnb2827044_grid_power,253.0,2026-04-08T11:58:33.175Z
sensor.qnb2827044_grid_power,255.5,2026-04-08T11:58:43.174Z
sensor.qnb2827044_grid_power,241.800003051758,2026-04-08T11:58:53.168Z
sensor.qnb2827044_grid_power,256.300018310547,2026-04-08T11:59:03.160Z
sensor.qnb2827044_grid_power,257.300018310547,2026-04-08T11:59:13.185Z
sensor.qnb2827044_grid_power,254.400009155273,2026-04-08T11:59:23.174Z
sensor.qnb2827044_grid_power,260.100006103516,2026-04-08T11:59:33.149Z
sensor.qnb2827044_grid_power,258.800018310547,2026-04-08T11:59:43.170Z
sensor.qnb2827044_grid_power,255.0,2026-04-08T11:59:53.172Z
sensor.qnb2827044_grid_power,250.900009155273,2026-04-08T12:00:03.170Z
sensor.qnb2827044_grid_power,252.0,2026-04-08T12:00:13.217Z
sensor.qnb2827044_grid_power,254.699996948242,2026-04-08T12:00:23.192Z
sensor.qnb2827044_grid_power,177.400009155273,2026-04-08T12:00:33.179Z
sensor.qnb2827044_grid_power,178.300003051758,2026-04-08T12:00:43.174Z
sensor.qnb2827044_grid_power,179.0,2026-04-08T12:00:53.166Z
sensor.qnb2827044_grid_power,170.100006103516,2026-04-08T12:01:03.184Z
sensor.qnb2827044_grid_power,171.900009155273,2026-04-08T12:01:13.214Z
sensor.qnb2827044_grid_power,171.199996948242,2026-04-08T12:01:23.181Z
sensor.qnb2827044_grid_power,161.600006103516,2026-04-08T12:01:33.162Z
sensor.qnb2827044_grid_power,163.100006103516,2026-04-08T12:01:43.174Z
sensor.qnb2827044_grid_power,161.800003051758,2026-04-08T12:01:53.183Z
sensor.qnb2827044_grid_power,161.900009155273,2026-04-08T12:02:03.167Z
sensor.qnb2827044_grid_power,162.5,2026-04-08T12:02:23.180Z
sensor.qnb2827044_grid_power,162.199996948242,2026-04-08T12:02:33.181Z
sensor.qnb2827044_grid_power,161.300003051758,2026-04-08T12:02:43.182Z
sensor.qnb2827044_grid_power,161.699996948242,2026-04-08T12:02:53.209Z
sensor.qnb2827044_grid_power,161.900009155273,2026-04-08T12:03:03.179Z
sensor.qnb2827044_grid_power,162.600006103516,2026-04-08T12:03:13.170Z
sensor.qnb2827044_grid_power,162.699996948242,2026-04-08T12:03:23.189Z
sensor.qnb2827044_grid_power,163.0,2026-04-08T12:03:33.186Z
sensor.qnb2827044_grid_power,163.699996948242,2026-04-08T12:03:43.183Z
sensor.qnb2827044_grid_power,163.900009155273,2026-04-08T12:04:03.184Z
sensor.qnb2827044_grid_power,162.800003051758,2026-04-08T12:04:13.219Z
sensor.qnb2827044_grid_power,164.0,2026-04-08T12:04:23.193Z
sensor.qnb2827044_grid_power,163.199996948242,2026-04-08T12:04:33.202Z
sensor.qnb2827044_grid_power,162.400009155273,2026-04-08T12:04:43.199Z
sensor.qnb2827044_grid_power,162.900009155273,2026-04-08T12:04:53.251Z
sensor.qnb2827044_grid_power,558.0,2026-04-08T12:05:03.198Z
sensor.qnb2827044_grid_power,654.700012207031,2026-04-08T12:05:13.200Z
sensor.qnb2827044_grid_power,660.900024414062,2026-04-08T12:05:23.202Z
sensor.qnb2827044_grid_power,726.200012207031,2026-04-08T12:05:33.216Z
sensor.qnb2827044_grid_power,793.5,2026-04-08T12:05:43.191Z
sensor.qnb2827044_grid_power,783.200012207031,2026-04-08T12:05:53.226Z
sensor.qnb2827044_grid_power,778.799987792969,2026-04-08T12:06:03.208Z
sensor.qnb2827044_grid_power,802.5,2026-04-08T12:06:13.259Z
sensor.qnb2827044_grid_power,814.400024414062,2026-04-08T12:06:23.218Z
sensor.qnb2827044_grid_power,828.799987792969,2026-04-08T12:06:33.204Z
sensor.qnb2827044_grid_power,830.299987792969,2026-04-08T12:06:43.218Z
sensor.qnb2827044_grid_power,832.799987792969,2026-04-08T12:06:53.224Z
sensor.qnb2827044_grid_power,828.700012207031,2026-04-08T12:07:03.215Z
sensor.qnb2827044_grid_power,821.799987792969,2026-04-08T12:07:13.259Z
sensor.qnb2827044_grid_power,822.700012207031,2026-04-08T12:07:23.214Z
sensor.qnb2827044_grid_power,406.899993896484,2026-04-08T12:07:33.213Z
sensor.qnb2827044_grid_power,395.600006103516,2026-04-08T12:07:43.214Z
sensor.qnb2827044_grid_power,398.600006103516,2026-04-08T12:07:53.223Z
sensor.qnb2827044_grid_power,249.5,2026-04-08T12:08:03.230Z
sensor.qnb2827044_grid_power,250.800003051758,2026-04-08T12:08:13.223Z
sensor.qnb2827044_grid_power,247.300003051758,2026-04-08T12:08:23.215Z
sensor.qnb2827044_grid_power,229.800003051758,2026-04-08T12:08:33.224Z
sensor.qnb2827044_grid_power,235.199996948242,2026-04-08T12:08:43.211Z
sensor.qnb2827044_grid_power,230.100006103516,2026-04-08T12:08:53.213Z
sensor.qnb2827044_grid_power,213.5,2026-04-08T12:09:03.224Z
sensor.qnb2827044_grid_power,211.600006103516,2026-04-08T12:09:13.251Z
sensor.qnb2827044_grid_power,213.5,2026-04-08T12:09:23.226Z
sensor.qnb2827044_grid_power,218.0,2026-04-08T12:09:33.234Z
sensor.qnb2827044_grid_power,200.199996948242,2026-04-08T12:09:43.245Z
sensor.qnb2827044_grid_power,200.300003051758,2026-04-08T12:09:53.236Z
sensor.qnb2827044_grid_power,203.300003051758,2026-04-08T12:10:03.242Z
sensor.qnb2827044_grid_power,217.400009155273,2026-04-08T12:10:13.270Z
sensor.qnb2827044_grid_power,208.0,2026-04-08T12:10:23.245Z
sensor.qnb2827044_grid_power,212.699996948242,2026-04-08T12:10:33.234Z
sensor.qnb2827044_grid_power,218.400009155273,2026-04-08T12:10:43.248Z
sensor.qnb2827044_grid_power,201.300003051758,2026-04-08T12:10:53.247Z
sensor.qnb2827044_grid_power,213.0,2026-04-08T12:11:03.232Z
sensor.qnb2827044_grid_power,205.900009155273,2026-04-08T12:11:13.274Z
sensor.qnb2827044_grid_power,209.300003051758,2026-04-08T12:11:23.243Z
sensor.qnb2827044_grid_power,209.100006103516,2026-04-08T12:11:33.245Z
sensor.qnb2827044_grid_power,200.800003051758,2026-04-08T12:11:43.250Z
sensor.qnb2827044_grid_power,215.100006103516,2026-04-08T12:11:53.257Z
sensor.qnb2827044_grid_power,223.199996948242,2026-04-08T12:12:03.262Z
sensor.qnb2827044_grid_power,215.400009155273,2026-04-08T12:12:13.267Z
sensor.qnb2827044_grid_power,220.400009155273,2026-04-08T12:12:23.259Z
sensor.qnb2827044_grid_power,220.0,2026-04-08T12:12:33.265Z
sensor.qnb2827044_grid_power,223.5,2026-04-08T12:12:43.261Z
sensor.qnb2827044_grid_power,223.699996948242,2026-04-08T12:12:53.275Z
sensor.qnb2827044_grid_power,224.0,2026-04-08T12:13:03.256Z
sensor.qnb2827044_grid_power,228.800003051758,2026-04-08T12:13:13.291Z
sensor.qnb2827044_grid_power,230.100006103516,2026-04-08T12:13:23.266Z
sensor.qnb2827044_grid_power,234.199996948242,2026-04-08T12:13:33.268Z
sensor.qnb2827044_grid_power,232.800003051758,2026-04-08T12:13:43.277Z
sensor.qnb2827044_grid_power,231.699996948242,2026-04-08T12:13:53.263Z
sensor.qnb2827044_grid_power,238.400009155273,2026-04-08T12:14:03.290Z
sensor.qnb2827044_grid_power,231.100006103516,2026-04-08T12:14:13.271Z
sensor.qnb2827044_grid_power,233.300003051758,2026-04-08T12:14:23.259Z
sensor.qnb2827044_grid_power,228.800003051758,2026-04-08T12:14:33.279Z
sensor.qnb2827044_grid_power,232.199996948242,2026-04-08T12:14:43.283Z
sensor.qnb2827044_grid_power,235.400009155273,2026-04-08T12:14:53.307Z
sensor.qnb2827044_grid_power,238.199996948242,2026-04-08T12:15:03.276Z
sensor.qnb2827044_grid_power,236.900009155273,2026-04-08T12:15:13.295Z
sensor.qnb2827044_grid_power,233.699996948242,2026-04-08T12:15:23.286Z
sensor.qnb2827044_grid_power,234.400009155273,2026-04-08T12:15:33.278Z
sensor.qnb2827044_grid_power,200.199996948242,2026-04-08T12:15:43.287Z
sensor.qnb2827044_grid_power,229.0,2026-04-08T12:15:53.276Z
sensor.qnb2827044_grid_power,235.0,2026-04-08T12:16:03.283Z
sensor.qnb2827044_grid_power,225.600006103516,2026-04-08T12:16:13.273Z
sensor.qnb2827044_grid_power,230.600006103516,2026-04-08T12:16:23.284Z
sensor.qnb2827044_grid_power,239.900009155273,2026-04-08T12:16:33.285Z
sensor.qnb2827044_grid_power,229.0,2026-04-08T12:16:43.288Z
sensor.qnb2827044_grid_power,232.400009155273,2026-04-08T12:16:53.296Z
sensor.qnb2827044_grid_power,235.300003051758,2026-04-08T12:17:03.271Z
sensor.qnb2827044_grid_power,234.0,2026-04-08T12:17:13.285Z
sensor.qnb2827044_grid_power,230.0,2026-04-08T12:17:23.286Z
sensor.qnb2827044_grid_power,237.300003051758,2026-04-08T12:17:33.287Z
sensor.qnb2827044_grid_power,228.199996948242,2026-04-08T12:17:43.289Z
sensor.qnb2827044_grid_power,235.600006103516,2026-04-08T12:17:53.296Z
sensor.qnb2827044_grid_power,232.100006103516,2026-04-08T12:18:03.285Z
sensor.qnb2827044_grid_power,229.800003051758,2026-04-08T12:18:13.311Z
sensor.qnb2827044_grid_power,238.300003051758,2026-04-08T12:18:23.296Z
sensor.qnb2827044_grid_power,235.0,2026-04-08T12:18:33.300Z
sensor.qnb2827044_grid_power,234.400009155273,2026-04-08T12:18:43.298Z
sensor.qnb2827044_grid_power,234.800003051758,2026-04-08T12:18:53.295Z
sensor.qnb2827044_grid_power,246.900009155273,2026-04-08T12:19:03.285Z
sensor.qnb2827044_grid_power,249.800003051758,2026-04-08T12:19:13.295Z
sensor.qnb2827044_grid_power,245.699996948242,2026-04-08T12:19:23.294Z
sensor.qnb2827044_grid_power,230.300003051758,2026-04-08T12:19:33.288Z
sensor.qnb2827044_grid_power,227.0,2026-04-08T12:19:43.287Z
sensor.qnb2827044_grid_power,223.600006103516,2026-04-08T12:19:53.284Z
sensor.qnb2827044_grid_power,223.100006103516,2026-04-08T12:20:03.289Z
sensor.qnb2827044_grid_power,225.900009155273,2026-04-08T12:20:13.280Z
sensor.qnb2827044_grid_power,226.400009155273,2026-04-08T12:20:23.301Z
sensor.qnb2827044_grid_power,221.300003051758,2026-04-08T12:20:33.291Z
sensor.qnb2827044_grid_power,228.5,2026-04-08T12:20:43.297Z
sensor.qnb2827044_grid_power,228.800003051758,2026-04-08T12:20:53.312Z
sensor.qnb2827044_grid_power,212.800003051758,2026-04-08T12:21:03.298Z
sensor.qnb2827044_grid_power,224.5,2026-04-08T12:21:13.296Z
sensor.qnb2827044_grid_power,225.699996948242,2026-04-08T12:21:23.295Z
sensor.qnb2827044_grid_power,202.5,2026-04-08T12:21:33.302Z
sensor.qnb2827044_grid_power,223.199996948242,2026-04-08T12:21:43.310Z
sensor.qnb2827044_grid_power,226.600006103516,2026-04-08T12:21:53.318Z
sensor.qnb2827044_grid_power,219.400009155273,2026-04-08T12:22:03.290Z
sensor.qnb2827044_grid_power,211.199996948242,2026-04-08T12:22:13.296Z
sensor.qnb2827044_grid_power,220.300003051758,2026-04-08T12:22:23.322Z
sensor.qnb2827044_grid_power,221.400009155273,2026-04-08T12:22:33.308Z
sensor.qnb2827044_grid_power,206.800003051758,2026-04-08T12:22:43.315Z
sensor.qnb2827044_grid_power,222.400009155273,2026-04-08T12:22:53.333Z
sensor.qnb2827044_grid_power,220.300003051758,2026-04-08T12:23:03.324Z
sensor.qnb2827044_grid_power,224.199996948242,2026-04-08T12:23:13.327Z
sensor.qnb2827044_grid_power,229.400009155273,2026-04-08T12:23:23.342Z
sensor.qnb2827044_grid_power,227.100006103516,2026-04-08T12:23:33.316Z
sensor.qnb2827044_grid_power,210.600006103516,2026-04-08T12:23:43.325Z
sensor.qnb2827044_grid_power,221.199996948242,2026-04-08T12:23:53.321Z
sensor.qnb2827044_grid_power,229.199996948242,2026-04-08T12:24:03.319Z
sensor.qnb2827044_grid_power,231.100006103516,2026-04-08T12:24:13.330Z
sensor.qnb2827044_grid_power,226.0,2026-04-08T12:24:23.322Z
sensor.qnb2827044_grid_power,228.300003051758,2026-04-08T12:24:33.319Z
sensor.qnb2827044_grid_power,228.0,2026-04-08T12:24:43.332Z
sensor.qnb2827044_grid_power,217.900009155273,2026-04-08T12:24:53.342Z
sensor.qnb2827044_grid_power,224.800003051758,2026-04-08T12:25:03.328Z
sensor.qnb2827044_grid_power,229.800003051758,2026-04-08T12:25:13.327Z
sensor.qnb2827044_grid_power,223.800003051758,2026-04-08T12:25:23.350Z
sensor.qnb2827044_grid_power,224.100006103516,2026-04-08T12:25:33.330Z
sensor.qnb2827044_grid_power,226.699996948242,2026-04-08T12:25:43.344Z
sensor.qnb2827044_grid_power,225.600006103516,2026-04-08T12:25:53.335Z
sensor.qnb2827044_grid_power,231.0,2026-04-08T12:26:03.356Z
sensor.qnb2827044_grid_power,238.699996948242,2026-04-08T12:26:13.359Z
sensor.qnb2827044_grid_power,229.600006103516,2026-04-08T12:26:23.338Z
sensor.qnb2827044_grid_power,228.300003051758,2026-04-08T12:26:33.343Z
sensor.qnb2827044_grid_power,237.5,2026-04-08T12:26:43.349Z
sensor.qnb2827044_grid_power,232.800003051758,2026-04-08T12:26:53.366Z
sensor.qnb2827044_grid_power,232.699996948242,2026-04-08T12:27:03.350Z
sensor.qnb2827044_grid_power,229.0,2026-04-08T12:27:13.353Z
sensor.qnb2827044_grid_power,238.100006103516,2026-04-08T12:27:23.355Z
sensor.qnb2827044_grid_power,219.5,2026-04-08T12:27:33.364Z
sensor.qnb2827044_grid_power,224.0,2026-04-08T12:27:43.348Z
sensor.qnb2827044_grid_power,217.900009155273,2026-04-08T12:27:53.370Z
sensor.qnb2827044_grid_power,230.699996948242,2026-04-08T12:28:03.363Z
sensor.qnb2827044_grid_power,222.199996948242,2026-04-08T12:28:13.364Z
sensor.qnb2827044_grid_power,219.699996948242,2026-04-08T12:28:23.354Z
sensor.qnb2827044_grid_power,230.0,2026-04-08T12:28:33.357Z
sensor.qnb2827044_grid_power,220.199996948242,2026-04-08T12:28:43.361Z
sensor.qnb2827044_grid_power,218.100006103516,2026-04-08T12:28:53.410Z
sensor.qnb2827044_grid_power,218.699996948242,2026-04-08T12:29:03.359Z
sensor.qnb2827044_grid_power,216.600006103516,2026-04-08T12:29:13.369Z
sensor.qnb2827044_grid_power,205.300003051758,2026-04-08T12:29:23.365Z
sensor.qnb2827044_grid_power,210.900009155273,2026-04-08T12:29:33.355Z
sensor.qnb2827044_grid_power,208.300003051758,2026-04-08T12:29:43.368Z
sensor.qnb2827044_grid_power,202.600006103516,2026-04-08T12:29:53.371Z
sensor.qnb2827044_grid_power,189.699996948242,2026-04-08T12:30:03.371Z
sensor.qnb2827044_grid_power,181.300003051758,2026-04-08T12:30:13.365Z
sensor.qnb2827044_grid_power,184.300003051758,2026-04-08T12:30:23.389Z
sensor.qnb2827044_grid_power,178.400009155273,2026-04-08T12:30:33.367Z
sensor.qnb2827044_grid_power,178.300003051758,2026-04-08T12:30:43.390Z
sensor.qnb2827044_grid_power,181.300003051758,2026-04-08T12:30:53.396Z
sensor.qnb2827044_grid_power,170.300003051758,2026-04-08T12:31:03.394Z
sensor.qnb2827044_grid_power,173.199996948242,2026-04-08T12:31:13.396Z
sensor.qnb2827044_grid_power,173.0,2026-04-08T12:31:33.404Z
sensor.qnb2827044_grid_power,172.900009155273,2026-04-08T12:31:43.396Z
sensor.qnb2827044_grid_power,173.100006103516,2026-04-08T12:31:53.390Z
sensor.qnb2827044_grid_power,161.100006103516,2026-04-08T12:32:03.403Z
sensor.qnb2827044_grid_power,162.0,2026-04-08T12:32:13.415Z
sensor.qnb2827044_grid_power,161.900009155273,2026-04-08T12:32:23.405Z
sensor.qnb2827044_grid_power,163.300003051758,2026-04-08T12:32:43.414Z
sensor.qnb2827044_grid_power,162.199996948242,2026-04-08T12:32:53.411Z
sensor.qnb2827044_grid_power,162.699996948242,2026-04-08T12:33:13.397Z
sensor.qnb2827044_grid_power,171.5,2026-04-08T12:33:33.422Z
sensor.qnb2827044_grid_power,171.600006103516,2026-04-08T12:33:43.416Z
sensor.qnb2827044_grid_power,169.400009155273,2026-04-08T12:33:53.423Z
sensor.qnb2827044_grid_power,159.800003051758,2026-04-08T12:34:03.418Z
sensor.qnb2827044_grid_power,162.600006103516,2026-04-08T12:34:13.419Z
sensor.qnb2827044_grid_power,163.0,2026-04-08T12:34:23.438Z
sensor.qnb2827044_grid_power,162.699996948242,2026-04-08T12:34:33.437Z
sensor.qnb2827044_grid_power,162.100006103516,2026-04-08T12:34:53.447Z
sensor.qnb2827044_grid_power,162.699996948242,2026-04-08T12:35:03.457Z
sensor.qnb2827044_grid_power,163.300003051758,2026-04-08T12:35:23.445Z
sensor.qnb2827044_grid_power,163.5,2026-04-08T12:35:33.470Z
sensor.qnb2827044_grid_power,161.800003051758,2026-04-08T12:35:43.453Z
sensor.qnb2827044_grid_power,161.900009155273,2026-04-08T12:35:53.457Z
sensor.qnb2827044_grid_power,163.900009155273,2026-04-08T12:36:03.469Z
sensor.qnb2827044_grid_power,163.100006103516,2026-04-08T12:36:13.480Z
sensor.qnb2827044_grid_power,162.600006103516,2026-04-08T12:36:23.471Z
sensor.qnb2827044_grid_power,163.0,2026-04-08T12:36:33.462Z
sensor.qnb2827044_grid_power,162.900009155273,2026-04-08T12:36:43.458Z
sensor.qnb2827044_grid_power,162.699996948242,2026-04-08T12:36:53.463Z
sensor.qnb2827044_grid_power,162.100006103516,2026-04-08T12:37:03.471Z
sensor.qnb2827044_grid_power,162.900009155273,2026-04-08T12:37:13.458Z
sensor.qnb2827044_grid_power,162.300003051758,2026-04-08T12:37:23.465Z
sensor.qnb2827044_grid_power,161.699996948242,2026-04-08T12:37:33.469Z
sensor.qnb2827044_grid_power,162.800003051758,2026-04-08T12:37:43.468Z
sensor.qnb2827044_grid_power,162.699996948242,2026-04-08T12:37:53.469Z
sensor.qnb2827044_grid_power,162.199996948242,2026-04-08T12:38:03.476Z
sensor.qnb2827044_grid_power,162.900009155273,2026-04-08T12:38:13.471Z
sensor.qnb2827044_grid_power,163.100006103516,2026-04-08T12:38:23.473Z
sensor.qnb2827044_grid_power,162.199996948242,2026-04-08T12:38:33.499Z
sensor.qnb2827044_grid_power,162.699996948242,2026-04-08T12:38:43.455Z
sensor.qnb2827044_grid_power,162.300003051758,2026-04-08T12:38:53.486Z
sensor.qnb2827044_grid_power,161.5,2026-04-08T12:39:03.483Z
sensor.qnb2827044_grid_power,162.300003051758,2026-04-08T12:39:13.466Z
sensor.qnb2827044_grid_power,162.5,2026-04-08T12:39:23.481Z
sensor.qnb2827044_grid_power,121.300003051758,2026-04-08T12:39:33.509Z
sensor.qnb2827044_grid_power,120.5,2026-04-08T12:39:43.488Z
sensor.qnb2827044_grid_power,120.800003051758,2026-04-08T12:39:53.484Z
sensor.qnb2827044_grid_power,121.200004577637,2026-04-08T12:40:03.491Z
sensor.qnb2827044_grid_power,122.200004577637,2026-04-08T12:40:13.489Z
sensor.qnb2827044_grid_power,121.200004577637,2026-04-08T12:40:23.502Z
sensor.qnb2827044_grid_power,90.5,2026-04-08T12:40:33.504Z
sensor.qnb2827044_grid_power,88.5999984741211,2026-04-08T12:40:43.495Z
sensor.qnb2827044_grid_power,89.5999984741211,2026-04-08T12:40:53.524Z
sensor.qnb2827044_grid_power,90.8000030517578,2026-04-08T12:41:03.496Z
sensor.qnb2827044_grid_power,90.0999984741211,2026-04-08T12:41:13.497Z
sensor.qnb2827044_grid_power,90.9000015258789,2026-04-08T12:41:23.495Z
sensor.qnb2827044_grid_power,90.3000030517578,2026-04-08T12:41:33.500Z
sensor.qnb2827044_grid_power,89.7000045776367,2026-04-08T12:41:43.499Z
sensor.qnb2827044_grid_power,91.0999984741211,2026-04-08T12:41:53.498Z
sensor.qnb2827044_grid_power,89.7000045776367,2026-04-08T12:42:03.508Z
sensor.qnb2827044_grid_power,88.8000030517578,2026-04-08T12:42:13.517Z
sensor.qnb2827044_grid_power,89.0999984741211,2026-04-08T12:42:23.510Z
sensor.qnb2827044_grid_power,90.9000015258789,2026-04-08T12:42:33.495Z
sensor.qnb2827044_grid_power,90.5999984741211,2026-04-08T12:42:43.502Z
sensor.qnb2827044_grid_power,90.7000045776367,2026-04-08T12:42:53.529Z
sensor.qnb2827044_grid_power,90.5,2026-04-08T12:43:03.528Z
sensor.qnb2827044_grid_power,89.3000030517578,2026-04-08T12:43:13.514Z
sensor.qnb2827044_grid_power,89.4000015258789,2026-04-08T12:43:23.511Z
sensor.qnb2827044_grid_power,90.8000030517578,2026-04-08T12:43:33.505Z
sensor.qnb2827044_grid_power,89.5,2026-04-08T12:43:43.511Z
sensor.qnb2827044_grid_power,91.4000015258789,2026-04-08T12:43:53.512Z
sensor.qnb2827044_grid_power,89.7000045776367,2026-04-08T12:44:03.517Z
sensor.qnb2827044_grid_power,88.5,2026-04-08T12:44:13.515Z
sensor.qnb2827044_grid_power,90.7000045776367,2026-04-08T12:44:23.515Z
sensor.qnb2827044_grid_power,89.9000015258789,2026-04-08T12:44:33.523Z
sensor.qnb2827044_grid_power,88.8000030517578,2026-04-08T12:44:43.520Z
sensor.qnb2827044_grid_power,89.5,2026-04-08T12:44:53.528Z
sensor.qnb2827044_grid_power,89.8000030517578,2026-04-08T12:45:03.531Z
sensor.qnb2827044_grid_power,90.4000015258789,2026-04-08T12:45:13.524Z
sensor.qnb2827044_grid_power,91.8000030517578,2026-04-08T12:45:23.521Z
sensor.qnb2827044_grid_power,90.4000015258789,2026-04-08T12:45:33.565Z
sensor.qnb2827044_grid_power,88.3000030517578,2026-04-08T12:45:43.537Z
sensor.qnb2827044_grid_power,89.5,2026-04-08T12:45:53.525Z
sensor.qnb2827044_grid_power,90.5,2026-04-08T12:46:03.530Z
sensor.qnb2827044_grid_power,89.0999984741211,2026-04-08T12:46:13.524Z
sensor.qnb2827044_grid_power,89.7000045776367,2026-04-08T12:46:23.544Z
sensor.qnb2827044_grid_power,90.4000015258789,2026-04-08T12:46:33.534Z
sensor.qnb2827044_grid_power,91.2000045776367,2026-04-08T12:46:43.537Z
sensor.qnb2827044_grid_power,90.2000045776367,2026-04-08T12:46:53.534Z
sensor.qnb2827044_grid_power,89.2000045776367,2026-04-08T12:47:03.552Z
sensor.qnb2827044_grid_power,91.0,2026-04-08T12:47:13.534Z
sensor.qnb2827044_grid_power,90.3000030517578,2026-04-08T12:47:23.544Z
sensor.qnb2827044_grid_power,90.5999984741211,2026-04-08T12:47:33.546Z
sensor.qnb2827044_grid_power,91.0,2026-04-08T12:47:43.553Z
sensor.qnb2827044_grid_power,90.8000030517578,2026-04-08T12:47:53.558Z
sensor.qnb2827044_grid_power,90.0999984741211,2026-04-08T12:48:03.558Z
sensor.qnb2827044_grid_power,90.2000045776367,2026-04-08T12:48:13.558Z
sensor.qnb2827044_grid_power,89.8000030517578,2026-04-08T12:48:23.544Z
sensor.qnb2827044_grid_power,90.8000030517578,2026-04-08T12:48:33.563Z
sensor.qnb2827044_grid_power,89.5999984741211,2026-04-08T12:48:43.589Z
sensor.qnb2827044_grid_power,90.5999984741211,2026-04-08T12:48:53.544Z
sensor.qnb2827044_grid_power,91.3000030517578,2026-04-08T12:49:03.564Z
sensor.qnb2827044_grid_power,90.8000030517578,2026-04-08T12:49:13.562Z
sensor.qnb2827044_grid_power,90.9000015258789,2026-04-08T12:49:23.565Z
sensor.qnb2827044_grid_power,90.5,2026-04-08T12:49:33.571Z
sensor.qnb2827044_grid_power,89.8000030517578,2026-04-08T12:49:43.583Z
sensor.qnb2827044_grid_power,89.0,2026-04-08T12:49:53.578Z
sensor.qnb2827044_grid_power,91.0999984741211,2026-04-08T12:50:03.577Z
sensor.qnb2827044_grid_power,89.7000045776367,2026-04-08T12:50:13.590Z
sensor.qnb2827044_grid_power,90.0999984741211,2026-04-08T12:50:23.590Z
sensor.qnb2827044_grid_power,88.3000030517578,2026-04-08T12:50:43.587Z
sensor.qnb2827044_grid_power,89.7000045776367,2026-04-08T12:50:53.572Z
sensor.qnb2827044_grid_power,110.200004577637,2026-04-08T12:51:03.593Z
sensor.qnb2827044_grid_power,111.400001525879,2026-04-08T12:51:13.594Z
sensor.qnb2827044_grid_power,110.900001525879,2026-04-08T12:51:23.598Z
sensor.qnb2827044_grid_power,99.0999984741211,2026-04-08T12:51:33.586Z
sensor.qnb2827044_grid_power,99.0,2026-04-08T12:51:43.604Z
sensor.qnb2827044_grid_power,100.0,2026-04-08T12:51:53.598Z
sensor.qnb2827044_grid_power,100.099998474121,2026-04-08T12:52:03.581Z
sensor.qnb2827044_grid_power,98.9000015258789,2026-04-08T12:52:13.622Z
sensor.qnb2827044_grid_power,99.9000015258789,2026-04-08T12:52:23.603Z
sensor.qnb2827044_grid_power,100.400001525879,2026-04-08T12:52:33.604Z
sensor.qnb2827044_grid_power,99.5999984741211,2026-04-08T12:52:43.604Z
sensor.qnb2827044_grid_power,98.5,2026-04-08T12:52:53.605Z
sensor.qnb2827044_grid_power,100.700004577637,2026-04-08T12:53:03.602Z
sensor.qnb2827044_grid_power,99.5,2026-04-08T12:53:13.626Z
sensor.qnb2827044_grid_power,101.5,2026-04-08T12:53:23.607Z
sensor.qnb2827044_grid_power,99.4000015258789,2026-04-08T12:53:33.616Z
sensor.qnb2827044_grid_power,98.3000030517578,2026-04-08T12:53:43.610Z
sensor.qnb2827044_grid_power,99.2000045776367,2026-04-08T12:53:53.615Z
sensor.qnb2827044_grid_power,99.3000030517578,2026-04-08T12:54:03.624Z
sensor.qnb2827044_grid_power,100.0,2026-04-08T12:54:23.627Z
sensor.qnb2827044_grid_power,166.199996948242,2026-04-08T12:54:33.624Z
sensor.qnb2827044_grid_power,488.899993896484,2026-04-08T12:54:43.629Z
sensor.qnb2827044_grid_power,622.0,2026-04-08T12:54:53.644Z
sensor.qnb2827044_grid_power,708.299987792969,2026-04-08T12:55:03.626Z
sensor.qnb2827044_grid_power,800.700012207031,2026-04-08T12:55:13.632Z
sensor.qnb2827044_grid_power,817.5,2026-04-08T12:55:23.635Z
sensor.qnb2827044_grid_power,846.799987792969,2026-04-08T12:55:33.639Z
sensor.qnb2827044_grid_power,817.100036621094,2026-04-08T12:55:43.656Z
sensor.qnb2827044_grid_power,825.299987792969,2026-04-08T12:55:53.655Z
sensor.qnb2827044_grid_power,116.599998474121,2026-04-08T12:56:03.656Z
sensor.qnb2827044_grid_power,100.0,2026-04-08T12:56:13.638Z
sensor.qnb2827044_grid_power,100.099998474121,2026-04-08T12:56:23.648Z
sensor.qnb2827044_grid_power,32.7999992370605,2026-04-08T12:56:33.669Z
sensor.qnb2827044_grid_power,11.5,2026-04-08T12:56:43.667Z
sensor.qnb2827044_grid_power,0.0,2026-04-08T12:56:53.642Z
sensor.qnb2827044_grid_power,8.40000057220459,2026-04-08T12:57:03.663Z
sensor.qnb2827044_grid_power,51.1000022888184,2026-04-08T12:57:13.681Z
sensor.qnb2827044_grid_power,50.5,2026-04-08T12:57:23.656Z
sensor.qnb2827044_grid_power,80.5999984741211,2026-04-08T12:57:33.655Z
sensor.qnb2827044_grid_power,80.4000015258789,2026-04-08T12:57:43.661Z
sensor.qnb2827044_grid_power,81.2000045776367,2026-04-08T12:57:53.660Z
sensor.qnb2827044_grid_power,81.7000045776367,2026-04-08T12:58:03.669Z
sensor.qnb2827044_grid_power,82.3000030517578,2026-04-08T12:58:13.659Z
sensor.qnb2827044_grid_power,82.0999984741211,2026-04-08T12:58:23.662Z
sensor.qnb2827044_grid_power,81.8000030517578,2026-04-08T12:58:33.664Z
sensor.qnb2827044_grid_power,80.5,2026-04-08T12:58:43.668Z
sensor.qnb2827044_grid_power,81.3000030517578,2026-04-08T12:58:53.672Z
sensor.qnb2827044_grid_power,80.8000030517578,2026-04-08T12:59:03.673Z
sensor.qnb2827044_grid_power,81.8000030517578,2026-04-08T12:59:13.688Z
sensor.qnb2827044_grid_power,81.3000030517578,2026-04-08T12:59:23.682Z
sensor.qnb2827044_grid_power,81.9000015258789,2026-04-08T12:59:33.688Z
sensor.qnb2827044_grid_power,81.0,2026-04-08T12:59:43.685Z
sensor.qnb2827044_grid_power,81.7000045776367,2026-04-08T12:59:53.702Z
sensor.qnb2827044_grid_power,191.600006103516,2026-04-08T13:00:03.696Z
sensor.qnb2827044_grid_power,658.5,2026-04-08T13:00:13.693Z
sensor.qnb2827044_grid_power,759.400024414062,2026-04-08T13:00:23.696Z
sensor.qnb2827044_grid_power,779.900024414062,2026-04-08T13:00:33.685Z
sensor.qnb2827044_grid_power,702.900024414062,2026-04-08T13:00:43.701Z
sensor.qnb2827044_grid_power,709.5,2026-04-08T13:00:53.713Z
sensor.qnb2827044_grid_power,748.799987792969,2026-04-08T13:01:03.830Z
sensor.qnb2827044_grid_power,765.100036621094,2026-04-08T13:01:13.690Z
sensor.qnb2827044_grid_power,767.799987792969,2026-04-08T13:01:23.707Z
sensor.qnb2827044_grid_power,752.100036621094,2026-04-08T13:01:33.706Z
sensor.qnb2827044_grid_power,753.200012207031,2026-04-08T13:01:43.703Z
sensor.qnb2827044_grid_power,763.700012207031,2026-04-08T13:01:53.713Z
sensor.qnb2827044_grid_power,772.799987792969,2026-04-08T13:02:03.709Z
sensor.qnb2827044_grid_power,765.600036621094,2026-04-08T13:02:13.917Z
sensor.qnb2827044_grid_power,756.5,2026-04-08T13:02:23.748Z
sensor.qnb2827044_grid_power,744.799987792969,2026-04-08T13:02:33.802Z
sensor.qnb2827044_grid_power,737.100036621094,2026-04-08T13:02:43.782Z
sensor.qnb2827044_grid_power,752.400024414062,2026-04-08T13:02:53.793Z
sensor.qnb2827044_grid_power,755.200012207031,2026-04-08T13:03:03.819Z
sensor.qnb2827044_grid_power,753.299987792969,2026-04-08T13:03:13.875Z
sensor.qnb2827044_grid_power,747.5,2026-04-08T13:03:23.913Z
sensor.qnb2827044_grid_power,729.900024414062,2026-04-08T13:03:33.964Z
sensor.qnb2827044_grid_power,733.700012207031,2026-04-08T13:03:43.890Z
sensor.qnb2827044_grid_power,748.600036621094,2026-04-08T13:03:53.927Z
sensor.qnb2827044_grid_power,755.799987792969,2026-04-08T13:04:03.933Z
sensor.qnb2827044_grid_power,744.400024414062,2026-04-08T13:04:13.874Z
sensor.qnb2827044_grid_power,742.299987792969,2026-04-08T13:04:23.964Z
sensor.qnb2827044_grid_power,761.600036621094,2026-04-08T13:04:33.875Z
sensor.qnb2827044_grid_power,769.400024414062,2026-04-08T13:04:44.133Z
sensor.qnb2827044_grid_power,779.0,2026-04-08T13:04:53.820Z
sensor.prieeltje_solar_pv_watt,384.0,2026-04-08T10:55:00.000Z
sensor.prieeltje_solar_pv_watt,386.0,2026-04-08T10:55:04.863Z
sensor.prieeltje_solar_pv_watt,387.0,2026-04-08T10:55:08.266Z
sensor.prieeltje_solar_pv_watt,390.0,2026-04-08T10:55:14.135Z
sensor.prieeltje_solar_pv_watt,388.0,2026-04-08T10:55:19.095Z
sensor.prieeltje_solar_pv_watt,390.0,2026-04-08T10:55:27.096Z
sensor.prieeltje_solar_pv_watt,388.0,2026-04-08T10:55:54.117Z
sensor.prieeltje_solar_pv_watt,390.0,2026-04-08T10:55:59.112Z
sensor.prieeltje_solar_pv_watt,389.0,2026-04-08T10:56:17.061Z
sensor.prieeltje_solar_pv_watt,388.0,2026-04-08T10:56:27.122Z
sensor.prieeltje_solar_pv_watt,390.0,2026-04-08T10:56:44.113Z
sensor.prieeltje_solar_pv_watt,392.0,2026-04-08T10:57:50.118Z
sensor.prieeltje_solar_pv_watt,391.0,2026-04-08T10:58:41.520Z
sensor.prieeltje_solar_pv_watt,392.0,2026-04-08T10:59:17.610Z
sensor.prieeltje_solar_pv_watt,391.0,2026-04-08T10:59:53.726Z
sensor.prieeltje_solar_pv_watt,390.0,2026-04-08T10:59:58.681Z
sensor.prieeltje_solar_pv_watt,391.0,2026-04-08T11:00:29.824Z
sensor.prieeltje_solar_pv_watt,0.0,2026-04-08T11:00:31.467Z
sensor.prieeltje_solar_pv_watt,15.0,2026-04-08T12:06:31.912Z
sensor.prieeltje_solar_pv_watt,0.0,2026-04-08T12:06:36.980Z
sensor.prieeltje_solar_pv_watt,14.0,2026-04-08T13:00:02.440Z
sensor.prieeltje_solar_pv_watt,0.0,2026-04-08T13:00:07.420Z
sensor.prieeltje_solar_pv_watt,113.0,2026-04-08T13:02:12.531Z
sensor.prieeltje_solar_pv_watt,351.0,2026-04-08T13:02:17.468Z
sensor.prieeltje_solar_pv_watt,368.0,2026-04-08T13:02:22.476Z
sensor.prieeltje_solar_pv_watt,366.0,2026-04-08T13:02:29.491Z
sensor.prieeltje_solar_pv_watt,364.0,2026-04-08T13:02:36.482Z
sensor.prieeltje_solar_pv_watt,361.0,2026-04-08T13:02:41.479Z
sensor.prieeltje_solar_pv_watt,363.0,2026-04-08T13:02:48.465Z
sensor.prieeltje_solar_pv_watt,367.0,2026-04-08T13:02:53.667Z
sensor.prieeltje_solar_pv_watt,365.0,2026-04-08T13:03:04.467Z
sensor.prieeltje_solar_pv_watt,367.0,2026-04-08T13:03:14.469Z
sensor.prieeltje_solar_pv_watt,366.0,2026-04-08T13:03:18.568Z
sensor.prieeltje_solar_pv_watt,365.0,2026-04-08T13:03:24.474Z
sensor.prieeltje_solar_pv_watt,363.0,2026-04-08T13:03:29.480Z
sensor.prieeltje_solar_pv_watt,360.0,2026-04-08T13:03:36.478Z
sensor.prieeltje_solar_pv_watt,356.0,2026-04-08T13:03:41.471Z
sensor.prieeltje_solar_pv_watt,362.0,2026-04-08T13:03:46.482Z
sensor.prieeltje_solar_pv_watt,364.0,2026-04-08T13:03:51.475Z
sensor.prieeltje_solar_pv_watt,366.0,2026-04-08T13:03:54.700Z
sensor.prieeltje_solar_pv_watt,364.0,2026-04-08T13:04:14.488Z
sensor.prieeltje_solar_pv_watt,366.0,2026-04-08T13:04:27.518Z
sensor.prieeltje_solar_pv_watt,368.0,2026-04-08T13:04:30.774Z
sensor.prieeltje_solar_pv_watt,370.0,2026-04-08T13:04:32.494Z
sensor.prieeltje_solar_pv_watt,372.0,2026-04-08T13:04:58.489Z
input_boolean.omvormer_prieel_reductie,on,2026-04-08T10:55:00.000Z
input_boolean.omvormer_prieel_reductie,off,2026-04-08T10:55:10.459Z
input_boolean.omvormer_prieel_reductie,on,2026-04-08T10:55:20.467Z
input_boolean.omvormer_prieel_reductie,off,2026-04-08T10:56:30.467Z
input_boolean.omvormer_prieel_reductie,on,2026-04-08T10:56:40.476Z
input_boolean.omvormer_prieel_reductie,off,2026-04-08T10:57:50.462Z
input_boolean.omvormer_prieel_reductie,on,2026-04-08T10:58:00.458Z
input_boolean.omvormer_prieel_reductie,off,2026-04-08T10:59:00.461Z
input_boolean.omvormer_prieel_reductie,on,2026-04-08T10:59:10.464Z
input_boolean.omvormer_prieel_reductie,off,2026-04-08T11:00:30.299Z
input_boolean.omvormer_prieel_reductie,on,2026-04-08T12:06:30.253Z
input_boolean.omvormer_prieel_reductie,off,2026-04-08T12:09:00.180Z
input_boolean.omvormer_prieel_reductie,on,2026-04-08T13:00:20.289Z
input_boolean.omvormer_prieel_reductie,off,2026-04-08T13:01:30.284Z
input_boolean.omvormer_prieel_reductie,on,2026-04-08T13:02:20.283Z
input_boolean.omvormer_prieel_reductie,off,2026-04-08T13:03:30.296Z
